Australia,Norfolk Island,Australian External Territories nec,New Zealand,New Caledonia,Papua New Guinea,Solomon Islands,Vanuatu,Guam,Kiribati,Marshall Islands,Micronesia Federated States of,Nauru,N Mariana Island,Palau,Cook Islands,Fiji,French Polynesia,Niue,Samoa,Samoa American,Tokelau,Tonga,Tuvalu,Wallis/Futuna,Pitcairn Island,"Polynesia, nec",Adelie Land,Argentinian A T,Australian A T,British A T,Chilean A T,Queen Maud Land (Norway),Ross Dependency,United Kingdom Channel Islands and Isle of Man,Ireland,Austria,Belgium,France,Germany,Liechtenstein,Luxembourg,Monaco,Netherlands,Switzerland,Denmark,Faroe Islands,Finland,Greenland,Iceland,Norway,Sweden,Aland Islands,Andorra,Gibraltar,Holy See,Italy,Malta,Portugal,San Marino,Spain,Albania,Bosnia and Herzegovina,Bulgaria,Croatia,Cyprus,North Macedonia,Greece,Moldova,Romania,Slovenia,Montenegro,Serbia,Kosovo,Belarus,Czech Republic,Estonia,Hungary,Latvia,Lithuania,Poland,Russian Federation,Slovakia,Ukraine,Algeria,Egypt,Libya,Morocco,Sudan,Tunisia,Western Sahara,Sp North Africa,South Sudan,Bahrain,Gaza Str/W Bank,Iran,Iraq,Israel,Jordan,Kuwait,Lebanon,Oman,Qatar,Saudi Arabia,Syria,Turkey,United Arab Emirates,Yemen,Myanmar (Republic of the Union of Myanmar),Cambodia,Laos,Thailand,Vietnam,Brunei Darussalam,Indonesia,Malaysia,Philippines,Singapore,Timor-Leste,China (excludes SARs and Taiwan),Hong Kong (SAR of China),Macau (SAR of China),Mongolia,Taiwan,Japan,Korea Democratic People's Republic of (North),Korea Republic of (South),Bangladesh,Bhutan,India,Maldives,Nepal,Pakistan,Sri Lanka,Afghanistan,Armenia,Azerbaijan,Georgia,Kazakhstan,Kyrgyzstan,Tajikistan,Turkmenistan,Uzbekistan,Bermuda,Canada,St Pierre/Mique,United States of America,Argentina,Bolivia Plurinational State of,Brazil,Chile,Colombia,Ecuador,Falkland Islands,French Guiana,Guyana,Paraguay,Peru,Suriname,Uruguay,Venezuela Bolivarian republic of,South America nec,Belize,Costa Rica,El Salvador,Guatemala,Honduras,Mexico,Nicaragua,Panama,Anguilla,Antigua and Barbuda,Aruba,Bahamas,Barbados,Cayman Islands,Cuba,Dominica,Dominican Republic,Grenada,Guadeloupe,Haiti,Jamaica,Martinique,Montserrat,Puerto Rico,St Kitts and Nevis,St Lucia,St Vincent and the Grenadines,Trinidad and Tobago,Turks and Caicos Islands,"Virgin Islands, British","Virgin Islands, US",St Barthelemy,St Martin (Fr),Bonaire/SE/Saba,Curacao,Sint Maarten (Dutch part),Benin,Burkina Faso,Cameroon,Cabo Verde,Central African Republic,Chad,Congo Republic of,Congo Democratic Republic of,Côte d'Ivoire,Equatorial Guinea,Gabon,Gambia,Ghana,Guinea,Guinea-Bissau,Liberia,Mali,Mauritania,Niger,Nigeria,Sao Tomé and Principe,Senegal,Sierra Leone,Togo,Angola,Botswana,Burundi,Comoros,Djibouti,Eritrea,Ethiopia,Kenya,Lesotho,Madagascar,Malawi,Mauritius,Mayotte,Mozambique,Namibia,Reunion,Rwanda,St Helena,Seychelles,Somalia,South Africa,Eswatini,Tanzania,Uganda,Zambia,Zimbabwe,"S & E Afr, nec",Inadequately Described
"866,140 ",0 ,0 ,"155,740 ",0 ,"3,590 ",520 ,260 ,0 ,70 ,10 ,10 ,400 ,0 ,0 ,0 ,"2,720 ",0 ,0 ,460 ,0 ,0 ,"1,010 ",20 ,0 ,0 ,0 ,0 ,0 ,0 ,0 ,0 ,0 ,0 ,"59,440 ","7,440 ","1,670 ","1,610 ","12,570 ","16,070 ",0 ,90 ,10 ,"5,250 ","2,140 ","1,590 ",0 ,820 ,0 ,40 ,990 ,"1,860 ",0 ,10 ,0 ,0 ,"8,750 ",240 ,"1,100 ",0 ,"3,770 ",60 ,60 ,170 ,240 ,130 ,100 ,560 ,20 ,430 ,160 ,10 ,240 ,10 ,50 ,650 ,310 ,420 ,80 ,120 ,"1,520 ","1,150 ",340 ,330 ,30 ,710 ,20 ,90 ,50 ,40 ,0 ,0 ,10 ,60 ,0 ,"2,020 ",380 ,900 ,300 ,400 ,950 ,200 ,290 ,"1,970 ",80 ,920 ,440 ,20 ,580 ,840 ,160 ,"7,450 ","6,120 ",430 ,"15,200 ","55,130 ","11,970 ","30,650 ",230 ,"93,230 ","11,880 ",310 ,210 ,"16,140 ","42,690 ",0 ,"23,390 ","1,970 ",120 ,"30,780 ",80 ,"2,220 ","3,240 ","3,800 ",530 ,20 ,30 ,10 ,100 ,10 ,10 ,0 ,60 ,0 ,"10,670 ",0 ,"42,610 ","1,240 ",30 ,"3,810 ","1,810 ","1,000 ",90 ,0 ,0 ,10 ,20 ,340 ,0 ,120 ,220 ,0 ,10 ,60 ,30 ,30 ,20 ,940 ,10 ,20 ,0 ,0 ,0 ,0 ,10 ,0 ,20 ,0 ,20 ,0 ,0 ,10 ,40 ,0 ,0 ,0 ,10 ,0 ,0 ,50 ,0 ,0 ,0 ,0 ,0 ,0 ,0 ,0 ,0 ,10 ,20 ,0 ,0 ,0 ,0 ,20 ,10 ,0 ,0 ,0 ,120 ,0 ,0 ,10 ,10 ,0 ,10 ,220 ,0 ,10 ,10 ,0 ,10 ,50 ,0 ,0 ,0 ,30 ,70 ,430 ,10 ,20 ,20 ,550 ,0 ,10 ,30 ,0 ,10 ,0 ,30 ,10 ,"5,190 ",10 ,70 ,80 ,110 ,420 ,0 ,"1,340 "
"701,180 ",0 ,0 ,"186,450 ",0 ,"3,150 ",480 ,420 ,0 ,60 ,10 ,10 ,420 ,0 ,0 ,0 ,"3,350 ",0 ,0 ,470 ,0 ,0 ,"1,190 ",20 ,0 ,0 ,0 ,0 ,0 ,0 ,0 ,0 ,0 ,0 ,"72,150 ","7,450 ","1,720 ","1,950 ","15,570 ","18,320 ",10 ,50 ,0 ,"6,770 ","3,330 ","2,290 ",0 ,"1,150 ",0 ,80 ,"1,430 ","2,660 ",0 ,0 ,0 ,0 ,"7,530 ",150 ,"1,170 ",10 ,"3,960 ",30 ,90 ,150 ,230 ,120 ,130 ,550 ,20 ,410 ,220 ,20 ,200 ,10 ,40 ,680 ,340 ,480 ,90 ,160 ,"1,480 ","1,210 ",320 ,320 ,10 ,470 ,20 ,50 ,30 ,30 ,0 ,0 ,10 ,40 ,0 ,"1,430 ",250 ,"1,180 ",180 ,150 ,600 ,100 ,30 ,810 ,70 ,550 ,210 ,10 ,670 ,"1,160 ",250 ,"8,670 ","7,290 ",330 ,"15,740 ","40,810 ","12,000 ","24,600 ",210 ,"110,440 ","14,260 ",420 ,180 ,"14,480 ","37,400 ",0 ,"23,280 ","1,540 ",100 ,"37,820 ",60 ,"4,210 ","2,400 ","3,790 ",340 ,20 ,40 ,20 ,110 ,10 ,10 ,0 ,50 ,0 ,"13,030 ",0 ,"50,820 ","1,260 ",30 ,"3,670 ","1,760 ","1,180 ",80 ,0 ,0 ,10 ,10 ,390 ,0 ,130 ,180 ,0 ,10 ,50 ,20 ,20 ,20 ,710 ,10 ,20 ,0 ,10 ,0 ,10 ,10 ,0 ,20 ,10 ,10 ,0 ,0 ,10 ,50 ,0 ,0 ,0 ,0 ,10 ,0 ,50 ,0 ,0 ,0 ,0 ,0 ,0 ,0 ,0 ,0 ,0 ,10 ,0 ,0 ,0 ,0 ,20 ,10 ,0 ,0 ,0 ,90 ,10 ,0 ,10 ,0 ,0 ,0 ,210 ,0 ,10 ,10 ,0 ,20 ,40 ,0 ,0 ,0 ,10 ,40 ,460 ,0 ,10 ,60 ,680 ,0 ,30 ,20 ,0 ,10 ,0 ,30 ,10 ,"5,510 ",0 ,60 ,70 ,80 ,370 ,0 ,"4,440 "
"655,800 ",0 ,0 ,"150,930 ",0 ,"3,590 ",610 ,340 ,0 ,110 ,10 ,10 ,390 ,0 ,10 ,0 ,"3,020 ",0 ,0 ,500 ,0 ,0 ,"1,380 ",70 ,0 ,0 ,0 ,0 ,0 ,0 ,0 ,0 ,0 ,0 ,"86,440 ","8,520 ","2,260 ","2,290 ","17,100 ","22,260 ",20 ,60 ,0 ,"8,480 ","4,460 ","2,990 ",0 ,"1,810 ",0 ,90 ,"2,300 ","4,780 ",0 ,0 ,0 ,0 ,"7,680 ",150 ,"1,270 ",0 ,"3,930 ",40 ,70 ,290 ,320 ,150 ,130 ,770 ,20 ,630 ,240 ,30 ,210 ,20 ,60 ,"1,160 ",520 ,950 ,300 ,230 ,"2,740 ","1,540 ",490 ,520 ,20 ,490 ,20 ,50 ,90 ,30 ,0 ,0 ,0 ,40 ,0 ,"1,590 ",370 ,890 ,330 ,600 ,670 ,390 ,50 ,"2,430 ",90 ,730 ,320 ,20 ,"1,000 ","1,180 ",240 ,"7,710 ","8,600 ",520 ,"16,570 ","47,850 ","13,260 ","32,980 ",250 ,"139,040 ","17,050 ",510 ,210 ,"14,010 ","42,890 ",0 ,"27,950 ","2,260 ",110 ,"44,190 ",130 ,"3,180 ","4,510 ","5,260 ",660 ,20 ,30 ,20 ,120 ,10 ,0 ,10 ,60 ,0 ,"18,290 ",0 ,"63,980 ","1,370 ",40 ,"4,740 ","1,910 ","1,870 ",200 ,0 ,0 ,0 ,30 ,520 ,0 ,170 ,210 ,0 ,0 ,130 ,40 ,30 ,20 ,940 ,10 ,20 ,0 ,0 ,0 ,10 ,20 ,0 ,20 ,0 ,10 ,10 ,0 ,0 ,40 ,0 ,0 ,0 ,10 ,0 ,10 ,50 ,0 ,0 ,0 ,0 ,0 ,0 ,0 ,0 ,0 ,0 ,10 ,0 ,0 ,0 ,0 ,20 ,10 ,0 ,0 ,0 ,130 ,10 ,0 ,10 ,0 ,0 ,0 ,280 ,0 ,10 ,20 ,0 ,0 ,70 ,0 ,0 ,0 ,30 ,80 ,560 ,0 ,10 ,20 ,910 ,0 ,20 ,30 ,0 ,20 ,0 ,30 ,10 ,"5,330 ",0 ,70 ,70 ,110 ,510 ,0 ,"1,750 "
"956,990 ",0 ,0 ,"179,880 ",0 ,"4,610 ",880 ,710 ,0 ,130 ,10 ,20 ,390 ,0 ,10 ,0 ,"4,720 ",0 ,0 ,500 ,0 ,0 ,"1,390 ",40 ,0 ,0 ,0 ,0 ,0 ,0 ,0 ,0 ,0 ,0 ,"93,680 ","14,040 ","2,020 ","2,270 ","20,350 ","21,510 ",20 ,110 ,0 ,"8,060 ","4,860 ","3,370 ",0 ,"2,010 ",0 ,90 ,"2,380 ","4,970 ",0 ,10 ,0 ,0 ,"9,150 ",250 ,"1,930 ",10 ,"4,760 ",70 ,120 ,270 ,380 ,170 ,170 ,960 ,20 ,640 ,250 ,30 ,280 ,10 ,100 ,"1,130 ",540 ,820 ,190 ,250 ,"2,250 ","2,020 ",630 ,530 ,20 ,790 ,10 ,80 ,110 ,30 ,0 ,0 ,20 ,50 ,0 ,"2,640 ",290 ,"1,120 ",340 ,420 ,940 ,410 ,20 ,"3,640 ",130 ,730 ,310 ,30 ,"1,280 ","1,290 ",390 ,"9,290 ","11,500 ",780 ,"27,950 ","68,180 ","17,710 ","53,790 ",400 ,"157,240 ","21,440 ",710 ,290 ,"12,120 ","40,580 ",20 ,"29,050 ","2,700 ",290 ,"48,500 ",230 ,"2,140 ","4,430 ","8,360 ",740 ,20 ,40 ,30 ,140 ,20 ,0 ,10 ,60 ,0 ,"19,100 ",0 ,"60,880 ","1,260 ",40 ,"5,990 ","1,860 ","2,410 ",190 ,0 ,0 ,10 ,20 ,510 ,10 ,110 ,270 ,0 ,10 ,50 ,50 ,60 ,20 ,"1,380 ",10 ,30 ,0 ,10 ,0 ,0 ,20 ,0 ,20 ,0 ,20 ,10 ,0 ,10 ,60 ,0 ,0 ,0 ,10 ,0 ,0 ,80 ,0 ,0 ,0 ,0 ,0 ,0 ,0 ,0 ,0 ,0 ,20 ,0 ,0 ,0 ,0 ,20 ,10 ,0 ,0 ,10 ,130 ,0 ,0 ,30 ,0 ,0 ,0 ,480 ,0 ,10 ,40 ,0 ,0 ,130 ,10 ,0 ,0 ,30 ,110 ,"1,050 ",10 ,10 ,30 ,"1,440 ",0 ,40 ,40 ,0 ,10 ,0 ,70 ,20 ,"7,230 ",10 ,150 ,150 ,160 ,830 ,0 ,650 
"732,790 ",0 ,0 ,"164,000 ",0 ,"4,740 ",610 ,640 ,0 ,50 ,0 ,0 ,250 ,0 ,0 ,0 ,"6,390 ",0 ,0 ,740 ,0 ,0 ,"1,050 ",10 ,0 ,0 ,0 ,0 ,0 ,0 ,0 ,0 ,0 ,0 ,"128,240 ","12,870 ","3,400 ","3,120 ","26,530 ","33,310 ",40 ,140 ,10 ,"12,000 ","7,860 ","5,300 ",0 ,"3,270 ",0 ,190 ,"3,770 ","10,800 ",0 ,10 ,0 ,0 ,"13,840 ",420 ,"1,980 ",0 ,"4,790 ",50 ,210 ,450 ,860 ,430 ,330 ,"1,480 ",30 ,"1,010 ",440 ,50 ,580 ,20 ,130 ,"1,760 ",600 ,"1,440 ",410 ,400 ,"3,590 ","3,460 ","1,110 ",680 ,40 ,680 ,10 ,70 ,80 ,40 ,0 ,0 ,10 ,50 ,0 ,"2,340 ",320 ,"1,400 ",350 ,180 ,"1,020 ",170 ,30 ,"1,240 ",100 ,"1,130 ",140 ,20 ,770 ,"1,250 ",260 ,"7,880 ","14,860 ",340 ,"22,870 ","38,330 ","15,030 ","17,650 ",220 ,"145,870 ","16,420 ",360 ,370 ,"16,990 ","41,790 ",0 ,"37,240 ","2,850 ",330 ,"49,520 ",110 ,"4,030 ","4,270 ","6,240 ",560 ,30 ,30 ,20 ,190 ,30 ,10 ,0 ,90 ,0 ,"20,520 ",0 ,"76,280 ","2,660 ",30 ,"8,160 ","2,450 ","2,310 ",170 ,0 ,0 ,0 ,70 ,460 ,0 ,150 ,400 ,0 ,10 ,130 ,50 ,50 ,20 ,"1,360 ",10 ,30 ,0 ,0 ,0 ,0 ,20 ,0 ,20 ,0 ,30 ,0 ,0 ,10 ,50 ,0 ,0 ,0 ,20 ,10 ,0 ,70 ,0 ,0 ,0 ,0 ,0 ,0 ,0 ,0 ,0 ,0 ,20 ,0 ,0 ,0 ,0 ,20 ,10 ,0 ,0 ,0 ,120 ,0 ,0 ,10 ,10 ,0 ,0 ,270 ,0 ,10 ,10 ,10 ,0 ,80 ,10 ,0 ,0 ,20 ,80 ,700 ,10 ,10 ,30 ,"1,650 ",0 ,40 ,70 ,0 ,10 ,0 ,90 ,10 ,"10,010 ",0 ,80 ,70 ,110 ,610 ,0 ,240 
"540,330 ",0 ,0 ,"122,510 ",0 ,"2,580 ",340 ,430 ,0 ,50 ,0 ,10 ,220 ,0 ,0 ,0 ,"3,630 ",0 ,0 ,480 ,0 ,0 ,750 ,20 ,0 ,0 ,0 ,0 ,0 ,0 ,0 ,0 ,0 ,0 ,"96,870 ","7,780 ","2,470 ","2,130 ","19,850 ","23,480 ",20 ,70 ,10 ,"7,500 ","5,490 ","4,040 ",0 ,"1,890 ",0 ,100 ,"2,150 ","5,380 ",0 ,10 ,0 ,0 ,"8,490 ",270 ,"1,260 ",0 ,"3,330 ",40 ,160 ,310 ,500 ,180 ,310 ,960 ,20 ,670 ,400 ,30 ,460 ,30 ,110 ,"1,360 ",470 ,"1,150 ",180 ,270 ,"2,850 ","1,760 ",690 ,470 ,30 ,530 ,10 ,80 ,60 ,30 ,0 ,0 ,10 ,40 ,0 ,"1,670 ",300 ,"1,320 ",260 ,170 ,690 ,150 ,30 ,860 ,90 ,"1,010 ",140 ,10 ,670 ,780 ,160 ,"6,550 ","8,660 ",320 ,"12,260 ","30,130 ","10,460 ","16,280 ",180 ,"171,370 ","19,420 ",570 ,280 ,"16,550 ","37,800 ",0 ,"31,480 ","1,910 ",110 ,"35,910 ",80 ,"3,360 ","3,100 ","4,130 ",340 ,20 ,30 ,10 ,100 ,10 ,0 ,0 ,70 ,0 ,"19,330 ",0 ,"61,070 ","1,930 ",30 ,"4,750 ","2,610 ","1,330 ",110 ,0 ,0 ,10 ,30 ,380 ,0 ,180 ,230 ,0 ,0 ,60 ,30 ,30 ,20 ,800 ,10 ,40 ,0 ,0 ,0 ,0 ,10 ,0 ,20 ,0 ,10 ,0 ,0 ,0 ,40 ,0 ,0 ,0 ,20 ,20 ,10 ,120 ,0 ,0 ,0 ,0 ,0 ,0 ,0 ,0 ,0 ,0 ,20 ,0 ,0 ,0 ,0 ,10 ,10 ,0 ,0 ,0 ,70 ,0 ,0 ,10 ,0 ,0 ,0 ,230 ,0 ,0 ,10 ,0 ,0 ,50 ,0 ,0 ,0 ,20 ,70 ,490 ,0 ,10 ,20 ,820 ,0 ,10 ,30 ,0 ,10 ,0 ,30 ,10 ,"4,410 ",0 ,50 ,30 ,100 ,370 ,0 ,470 
"665,680 ",0 ,0 ,"143,840 ",0 ,"3,070 ",470 ,340 ,0 ,90 ,0 ,10 ,270 ,0 ,10 ,0 ,"3,270 ",0 ,0 ,490 ,0 ,0 ,760 ,20 ,0 ,0 ,0 ,0 ,0 ,0 ,0 ,0 ,0 ,0 ,"111,780 ","9,460 ","2,500 ","2,300 ","20,320 ","30,290 ",20 ,90 ,10 ,"8,790 ","5,750 ","3,810 ",0 ,"2,060 ",0 ,130 ,"2,350 ","5,950 ",0 ,10 ,0 ,0 ,"9,240 ",250 ,"1,440 ",0 ,"3,950 ",60 ,140 ,310 ,470 ,160 ,330 ,990 ,30 ,610 ,350 ,30 ,410 ,20 ,110 ,"1,670 ",570 ,"1,090 ",140 ,380 ,"2,760 ","2,220 ",850 ,560 ,20 ,560 ,10 ,60 ,40 ,40 ,0 ,0 ,10 ,30 ,0 ,"2,580 ",280 ,"1,290 ",280 ,140 ,880 ,100 ,30 ,670 ,90 ,840 ,260 ,20 ,680 ,950 ,200 ,"8,550 ","6,600 ",490 ,"16,530 ","44,180 ","13,120 ","27,370 ",190 ,"117,820 ","13,710 ",380 ,340 ,"15,730 ","58,440 ",0 ,"26,920 ","1,690 ",90 ,"33,780 ",70 ,"2,420 ","3,030 ","4,550 ",780 ,40 ,40 ,10 ,130 ,20 ,0 ,0 ,60 ,0 ,"24,780 ",0 ,"74,670 ","2,400 ",20 ,"5,190 ","2,510 ","1,330 ",110 ,0 ,0 ,0 ,10 ,430 ,0 ,430 ,200 ,0 ,10 ,50 ,30 ,40 ,30 ,820 ,0 ,20 ,0 ,0 ,0 ,10 ,20 ,0 ,10 ,0 ,50 ,0 ,0 ,10 ,40 ,0 ,0 ,0 ,10 ,0 ,0 ,70 ,0 ,0 ,0 ,0 ,0 ,0 ,0 ,0 ,0 ,0 ,20 ,0 ,0 ,0 ,0 ,10 ,10 ,0 ,0 ,0 ,90 ,0 ,0 ,10 ,10 ,0 ,0 ,230 ,0 ,0 ,10 ,10 ,0 ,50 ,0 ,0 ,0 ,10 ,70 ,420 ,0 ,30 ,20 ,850 ,0 ,20 ,20 ,0 ,10 ,0 ,30 ,10 ,"4,990 ",10 ,60 ,50 ,110 ,360 ,0 ,"1,190 "
"809,460 ",0 ,0 ,"163,170 ",0 ,"3,260 ",470 ,450 ,0 ,70 ,10 ,20 ,280 ,0 ,10 ,0 ,"3,880 ",0 ,0 ,370 ,0 ,0 ,890 ,20 ,0 ,0 ,0 ,0 ,0 ,0 ,0 ,0 ,0 ,0 ,"106,460 ","10,740 ","1,970 ","2,220 ","18,060 ","25,580 ",20 ,100 ,10 ,"7,510 ","5,070 ","3,050 ",0 ,"1,480 ",0 ,150 ,"2,570 ","4,540 ",0 ,10 ,0 ,0 ,"7,760 ",210 ,"1,540 ",0 ,"4,190 ",40 ,130 ,270 ,370 ,150 ,200 ,880 ,20 ,520 ,270 ,30 ,330 ,10 ,90 ,"1,140 ",390 ,800 ,130 ,330 ,"1,970 ","1,970 ",600 ,560 ,30 ,670 ,0 ,60 ,50 ,40 ,0 ,0 ,10 ,60 ,0 ,"3,800 ",320 ,"1,250 ",340 ,200 ,860 ,140 ,30 ,820 ,100 ,800 ,250 ,30 ,"1,230 ","1,340 ",220 ,"13,270 ","8,460 ",440 ,"17,280 ","41,410 ","16,750 ","23,050 ",200 ,"124,220 ","24,310 ",400 ,310 ,"14,330 ","28,820 ",0 ,"23,400 ","2,040 ",100 ,"37,160 ",100 ,"2,570 ","2,750 ","6,520 ",680 ,30 ,20 ,20 ,130 ,30 ,10 ,10 ,60 ,0 ,"21,020 ",0 ,"66,570 ","1,860 ",30 ,"4,700 ","2,100 ","1,440 ",90 ,0 ,0 ,10 ,30 ,370 ,10 ,200 ,230 ,0 ,0 ,110 ,40 ,40 ,20 ,"1,210 ",10 ,20 ,0 ,10 ,0 ,10 ,10 ,0 ,10 ,10 ,20 ,10 ,0 ,10 ,40 ,0 ,0 ,0 ,0 ,0 ,0 ,50 ,0 ,0 ,0 ,0 ,0 ,0 ,0 ,0 ,10 ,10 ,10 ,0 ,0 ,0 ,0 ,30 ,0 ,0 ,0 ,0 ,100 ,10 ,0 ,0 ,0 ,0 ,0 ,230 ,0 ,10 ,30 ,0 ,30 ,70 ,0 ,0 ,0 ,20 ,100 ,480 ,10 ,10 ,10 ,880 ,0 ,20 ,30 ,0 ,0 ,0 ,40 ,10 ,"7,190 ",10 ,80 ,60 ,80 ,530 ,0 ,"1,440 "
"737,500 ",0 ,0 ,"142,080 ",0 ,"2,720 ",490 ,640 ,0 ,110 ,20 ,20 ,300 ,0 ,10 ,0 ,"3,570 ",0 ,0 ,470 ,0 ,0 ,"1,440 ",50 ,0 ,0 ,0 ,0 ,0 ,0 ,0 ,0 ,0 ,0 ,"65,900 ","7,560 ","1,420 ","1,670 ","14,740 ","18,250 ",10 ,40 ,0 ,"6,560 ","3,030 ","2,190 ",0 ,"1,220 ",0 ,100 ,"1,250 ","3,010 ",0 ,0 ,0 ,10 ,"7,020 ",210 ,"1,160 ",0 ,"2,900 ",60 ,120 ,250 ,340 ,150 ,250 ,810 ,20 ,450 ,240 ,30 ,310 ,10 ,80 ,940 ,460 ,630 ,170 ,260 ,"1,860 ","1,640 ",540 ,490 ,30 ,540 ,10 ,70 ,50 ,30 ,0 ,0 ,10 ,20 ,0 ,"1,610 ",240 ,890 ,230 ,130 ,760 ,160 ,30 ,930 ,100 ,830 ,220 ,20 ,760 ,790 ,150 ,"9,500 ","8,450 ",360 ,"15,570 ","47,860 ","15,530 ","28,670 ",260 ,"108,380 ","15,430 ",360 ,300 ,"13,760 ","31,550 ",0 ,"25,880 ","1,770 ",90 ,"38,460 ",110 ,"2,140 ","2,200 ","4,670 ",400 ,30 ,20 ,30 ,160 ,20 ,0 ,0 ,50 ,0 ,"13,860 ",0 ,"46,150 ","1,350 ",20 ,"4,200 ","2,040 ","1,360 ",120 ,0 ,0 ,10 ,20 ,340 ,0 ,140 ,240 ,0 ,0 ,50 ,30 ,20 ,10 ,700 ,0 ,10 ,0 ,10 ,0 ,0 ,20 ,0 ,20 ,10 ,20 ,0 ,0 ,0 ,30 ,0 ,0 ,0 ,10 ,10 ,0 ,30 ,0 ,0 ,0 ,0 ,0 ,0 ,0 ,0 ,0 ,0 ,20 ,0 ,0 ,0 ,10 ,30 ,10 ,0 ,0 ,0 ,90 ,10 ,0 ,10 ,0 ,0 ,0 ,220 ,0 ,10 ,10 ,0 ,10 ,50 ,10 ,0 ,0 ,10 ,50 ,420 ,10 ,10 ,10 ,680 ,0 ,10 ,90 ,0 ,10 ,0 ,30 ,10 ,"4,990 ",10 ,50 ,60 ,100 ,450 ,0 ,770 
"875,110 ",0 ,0 ,"144,270 ",0 ,"3,210 ",540 ,390 ,0 ,90 ,0 ,20 ,310 ,0 ,0 ,0 ,"3,030 ",0 ,0 ,400 ,0 ,0 ,990 ,20 ,0 ,0 ,0 ,0 ,0 ,0 ,0 ,0 ,0 ,0 ,"57,840 ","8,340 ","1,250 ","1,640 ","14,590 ","15,360 ",10 ,50 ,0 ,"5,530 ","2,420 ","1,740 ",0 ,"1,100 ",0 ,90 ,"1,770 ","2,960 ",0 ,10 ,0 ,0 ,"6,920 ",200 ,"1,120 ",0 ,"3,390 ",70 ,120 ,200 ,310 ,110 ,230 ,780 ,20 ,380 ,180 ,20 ,250 ,20 ,70 ,810 ,470 ,490 ,110 ,220 ,"1,380 ","1,640 ",400 ,470 ,20 ,500 ,10 ,50 ,50 ,40 ,0 ,0 ,10 ,20 ,0 ,"1,840 ",250 ,660 ,330 ,350 ,730 ,440 ,30 ,"1,930 ",100 ,870 ,220 ,10 ,810 ,950 ,160 ,"7,600 ","11,490 ",640 ,"22,670 ","58,500 ","15,220 ","48,970 ",230 ,"127,640 ","15,400 ",500 ,470 ,"14,250 ","26,760 ",0 ,"20,270 ","2,330 ",120 ,"37,700 ",100 ,"2,680 ","2,990 ","4,310 ",690 ,20 ,30 ,20 ,150 ,20 ,10 ,0 ,60 ,0 ,"11,750 ",0 ,"51,580 ","1,110 ",20 ,"4,070 ","1,810 ","1,600 ",130 ,0 ,0 ,0 ,20 ,380 ,10 ,130 ,190 ,0 ,0 ,50 ,40 ,20 ,20 ,880 ,10 ,10 ,0 ,10 ,0 ,10 ,10 ,0 ,30 ,0 ,10 ,0 ,0 ,10 ,30 ,0 ,0 ,0 ,0 ,0 ,0 ,40 ,0 ,0 ,0 ,0 ,0 ,0 ,0 ,0 ,0 ,0 ,10 ,0 ,0 ,0 ,0 ,20 ,0 ,0 ,0 ,0 ,110 ,0 ,0 ,10 ,10 ,0 ,0 ,230 ,0 ,0 ,10 ,0 ,0 ,90 ,10 ,0 ,0 ,10 ,70 ,450 ,0 ,10 ,20 ,680 ,0 ,10 ,30 ,0 ,10 ,0 ,30 ,10 ,"4,260 ",0 ,50 ,60 ,100 ,360 ,0 ,950 
"843,030 ",0 ,0 ,"165,840 ",0 ,"3,640 ",530 ,340 ,0 ,90 ,10 ,10 ,370 ,0 ,0 ,0 ,"3,310 ",0 ,0 ,510 ,0 ,0 ,960 ,40 ,0 ,0 ,0 ,0 ,0 ,0 ,0 ,0 ,0 ,0 ,"62,880 ","9,230 ","1,480 ","2,040 ","16,440 ","15,770 ",20 ,50 ,10 ,"5,970 ","2,720 ","2,520 ",0 ,"1,220 ",0 ,130 ,"2,090 ","2,910 ",0 ,10 ,0 ,0 ,"7,940 ",200 ,"1,210 ",0 ,"3,710 ",110 ,140 ,170 ,310 ,140 ,260 ,870 ,20 ,400 ,200 ,20 ,290 ,40 ,80 ,920 ,550 ,610 ,120 ,200 ,"1,440 ","1,510 ",440 ,460 ,20 ,630 ,20 ,100 ,60 ,40 ,0 ,0 ,10 ,50 ,0 ,"1,780 ",370 ,840 ,320 ,450 ,900 ,340 ,90 ,"1,450 ",150 ,"1,080 ","1,250 ",20 ,750 ,"1,160 ",220 ,"8,480 ","12,210 ",660 ,"35,590 ","39,380 ","13,830 ","22,910 ",240 ,"122,210 ","16,270 ",520 ,520 ,"16,220 ","27,470 ",0 ,"20,470 ","2,270 ",150 ,"34,040 ",110 ,"2,200 ","3,230 ","4,270 ",860 ,30 ,20 ,10 ,130 ,20 ,0 ,0 ,70 ,0 ,"12,490 ",0 ,"56,730 ","1,320 ",40 ,"4,720 ","2,010 ","1,570 ",120 ,0 ,0 ,0 ,30 ,350 ,0 ,130 ,240 ,0 ,0 ,40 ,30 ,30 ,20 ,"1,300 ",10 ,20 ,0 ,10 ,0 ,20 ,10 ,0 ,20 ,0 ,20 ,10 ,0 ,0 ,40 ,0 ,0 ,0 ,0 ,0 ,0 ,50 ,0 ,0 ,0 ,0 ,0 ,0 ,0 ,0 ,0 ,0 ,30 ,0 ,0 ,0 ,0 ,20 ,10 ,0 ,10 ,0 ,150 ,10 ,0 ,10 ,0 ,0 ,0 ,260 ,0 ,10 ,10 ,0 ,10 ,70 ,10 ,0 ,0 ,20 ,70 ,450 ,10 ,20 ,30 ,820 ,0 ,20 ,30 ,0 ,10 ,0 ,40 ,20 ,"6,030 ",0 ,80 ,50 ,110 ,440 ,0 ,"3,910 "
"783,000 ",0 ,0 ,"153,420 ",0 ,"2,920 ",340 ,340 ,0 ,70 ,10 ,20 ,410 ,0 ,10 ,0 ,"3,200 ",0 ,0 ,460 ,0 ,0 ,990 ,20 ,0 ,0 ,0 ,0 ,0 ,0 ,0 ,0 ,0 ,0 ,"69,540 ","9,150 ","1,940 ","2,320 ","22,780 ","18,260 ",10 ,160 ,0 ,"9,810 ","3,680 ","1,890 ",0 ,780 ,0 ,60 ,"1,330 ","2,030 ",0 ,20 ,0 ,10 ,"11,710 ",240 ,"1,620 ",0 ,"5,080 ",60 ,110 ,190 ,350 ,190 ,170 ,880 ,20 ,390 ,220 ,30 ,280 ,10 ,60 ,810 ,450 ,520 ,100 ,220 ,"1,650 ","1,480 ",500 ,430 ,50 ,650 ,10 ,140 ,100 ,40 ,0 ,0 ,10 ,100 ,0 ,"1,910 ",480 ,"1,110 ",340 ,880 ,"1,280 ",280 ,220 ,"1,800 ",150 ,960 ,"3,200 ",30 ,660 ,890 ,240 ,"7,740 ","8,870 ",390 ,"16,030 ","44,560 ","12,530 ","24,330 ",190 ,"146,690 ","27,670 ","1,000 ",370 ,"19,730 ","62,170 ",0 ,"27,050 ","2,070 ",70 ,"33,530 ",70 ,"1,980 ","4,370 ","4,390 ","1,000 ",40 ,20 ,20 ,100 ,20 ,0 ,0 ,50 ,0 ,"13,310 ",0 ,"50,510 ","1,110 ",30 ,"4,170 ","1,810 ","1,330 ",140 ,0 ,0 ,0 ,20 ,400 ,0 ,130 ,230 ,0 ,0 ,50 ,40 ,60 ,10 ,"1,100 ",10 ,20 ,0 ,0 ,0 ,10 ,10 ,0 ,20 ,0 ,20 ,0 ,0 ,10 ,30 ,0 ,0 ,0 ,10 ,0 ,10 ,80 ,0 ,0 ,0 ,0 ,0 ,0 ,0 ,0 ,0 ,0 ,20 ,0 ,0 ,0 ,0 ,10 ,10 ,0 ,0 ,0 ,110 ,10 ,0 ,10 ,10 ,0 ,0 ,230 ,0 ,10 ,10 ,0 ,0 ,40 ,10 ,10 ,0 ,20 ,100 ,400 ,0 ,10 ,20 ,690 ,0 ,20 ,20 ,0 ,10 ,0 ,30 ,10 ,"4,390 ",0 ,40 ,70 ,100 ,400 ,0 ,"1,960 "
"931,340 ",0 ,0 ,"155,290 ",0 ,"3,790 ",450 ,460 ,0 ,80 ,10 ,20 ,410 ,0 ,10 ,0 ,"3,220 ",0 ,0 ,480 ,0 ,0 ,"1,300 ",20 ,0 ,0 ,0 ,0 ,0 ,0 ,0 ,0 ,0 ,0 ,"58,060 ","7,120 ","1,630 ","1,710 ","12,920 ","15,540 ",10 ,150 ,10 ,"5,360 ","2,130 ","1,350 ",0 ,790 ,0 ,50 ,"1,080 ","1,800 ",0 ,10 ,0 ,0 ,"8,930 ",190 ,"1,170 ",0 ,"3,890 ",50 ,50 ,200 ,210 ,150 ,140 ,650 ,10 ,390 ,190 ,10 ,250 ,20 ,60 ,680 ,290 ,430 ,110 ,160 ,"1,450 ","1,290 ",370 ,390 ,20 ,630 ,10 ,70 ,60 ,30 ,0 ,0 ,10 ,70 ,0 ,"2,190 ",400 ,950 ,270 ,360 ,880 ,180 ,80 ,"1,790 ",140 ,890 ,570 ,20 ,680 ,"1,080 ",230 ,"9,150 ","8,580 ",450 ,"17,700 ","54,340 ","13,100 ","30,510 ",240 ,"112,460 ","13,310 ",360 ,320 ,"14,760 ","42,120 ",0 ,"23,690 ","1,770 ",140 ,"35,540 ",100 ,"4,260 ","2,920 ","4,420 ",550 ,40 ,20 ,20 ,120 ,10 ,0 ,0 ,70 ,0 ,"10,850 ",0 ,"42,720 ","1,440 ",40 ,"4,380 ","1,910 ","1,400 ",150 ,0 ,0 ,30 ,30 ,390 ,0 ,110 ,250 ,0 ,0 ,60 ,30 ,20 ,20 ,"1,090 ",10 ,10 ,0 ,10 ,0 ,10 ,20 ,0 ,20 ,10 ,30 ,0 ,0 ,10 ,30 ,0 ,0 ,0 ,10 ,0 ,0 ,80 ,0 ,0 ,0 ,0 ,0 ,0 ,0 ,0 ,10 ,10 ,20 ,0 ,0 ,0 ,0 ,10 ,10 ,0 ,0 ,0 ,160 ,10 ,0 ,10 ,20 ,0 ,10 ,340 ,0 ,10 ,10 ,0 ,0 ,80 ,0 ,0 ,10 ,20 ,120 ,500 ,10 ,20 ,30 ,640 ,0 ,20 ,20 ,0 ,10 ,0 ,20 ,10 ,"5,140 ",10 ,70 ,50 ,120 ,450 ,0 ,"2,880 "
"708,050 ",0 ,0 ,"186,630 ",0 ,"3,650 ",720 ,520 ,0 ,120 ,10 ,20 ,450 ,0 ,10 ,0 ,"3,870 ",0 ,0 ,530 ,0 ,0 ,"1,420 ",40 ,0 ,0 ,0 ,0 ,0 ,0 ,0 ,0 ,0 ,0 ,"69,510 ","7,390 ","1,680 ","1,830 ","15,920 ","17,850 ",10 ,80 ,10 ,"7,030 ","3,330 ","2,190 ",0 ,"1,340 ",0 ,130 ,"1,590 ","2,760 ",0 ,0 ,0 ,0 ,"7,790 ",170 ,"1,210 ",10 ,"4,240 ",30 ,70 ,190 ,270 ,150 ,120 ,600 ,10 ,440 ,190 ,20 ,220 ,10 ,60 ,780 ,350 ,640 ,120 ,240 ,"1,650 ","1,300 ",360 ,480 ,20 ,520 ,10 ,70 ,50 ,30 ,0 ,0 ,10 ,20 ,0 ,"1,470 ",240 ,"1,230 ",260 ,160 ,630 ,140 ,20 ,"1,060 ",150 ,620 ,190 ,20 ,830 ,990 ,180 ,"9,490 ","9,720 ",340 ,"17,390 ","42,370 ","13,430 ","25,470 ",300 ,"130,570 ","17,600 ",410 ,240 ,"16,960 ","36,700 ",0 ,"36,580 ","1,800 ",120 ,"41,160 ",70 ,"3,910 ","2,990 ","4,270 ",390 ,20 ,30 ,20 ,90 ,10 ,0 ,0 ,50 ,0 ,"13,620 ",0 ,"54,210 ","1,690 ",30 ,"5,130 ","2,370 ","1,590 ",120 ,0 ,0 ,20 ,30 ,450 ,0 ,180 ,220 ,0 ,0 ,70 ,40 ,30 ,10 ,960 ,0 ,20 ,0 ,0 ,0 ,40 ,20 ,0 ,20 ,10 ,80 ,10 ,0 ,0 ,50 ,0 ,0 ,0 ,10 ,0 ,0 ,50 ,0 ,0 ,0 ,0 ,0 ,0 ,0 ,0 ,0 ,0 ,20 ,0 ,0 ,0 ,0 ,10 ,10 ,0 ,0 ,0 ,130 ,10 ,0 ,10 ,0 ,0 ,20 ,450 ,0 ,10 ,10 ,0 ,0 ,40 ,10 ,0 ,0 ,20 ,60 ,390 ,0 ,10 ,30 ,610 ,0 ,20 ,30 ,0 ,10 ,0 ,20 ,10 ,"5,890 ",10 ,60 ,100 ,110 ,460 ,0 ,"3,210 "
"695,780 ",0 ,0 ,"151,510 ",0 ,"3,700 ",590 ,550 ,0 ,230 ,10 ,20 ,350 ,0 ,10 ,0 ,"3,560 ",0 ,0 ,550 ,0 ,0 ,"1,420 ",50 ,0 ,0 ,0 ,0 ,0 ,0 ,0 ,0 ,0 ,0 ,"87,540 ","8,250 ","2,350 ","2,260 ","18,080 ","22,880 ",20 ,80 ,0 ,"8,280 ","4,470 ","3,180 ",0 ,"1,790 ",0 ,130 ,"2,330 ","4,720 ",0 ,10 ,0 ,0 ,"7,600 ",150 ,"1,410 ",0 ,"3,970 ",50 ,80 ,310 ,310 ,120 ,130 ,730 ,20 ,520 ,260 ,10 ,230 ,0 ,70 ,"1,080 ",480 ,860 ,200 ,350 ,"2,520 ","1,730 ",470 ,470 ,40 ,630 ,10 ,60 ,100 ,20 ,0 ,0 ,10 ,60 ,0 ,"1,840 ",340 ,920 ,260 ,490 ,680 ,460 ,40 ,"2,320 ",120 ,730 ,300 ,30 ,"1,110 ","1,170 ",200 ,"7,880 ","11,070 ",570 ,"19,940 ","45,150 ","14,930 ","33,950 ",380 ,"157,510 ","19,210 ",620 ,380 ,"13,680 ","42,720 ",0 ,"30,160 ","2,800 ",130 ,"53,110 ",100 ,"3,910 ","5,670 ","6,000 ",750 ,20 ,20 ,20 ,100 ,20 ,0 ,10 ,50 ,0 ,"19,390 ",0 ,"69,660 ","1,820 ",30 ,"5,470 ","2,220 ","2,190 ",170 ,0 ,0 ,10 ,40 ,730 ,10 ,160 ,230 ,0 ,10 ,100 ,40 ,40 ,90 ,"1,080 ",10 ,30 ,0 ,10 ,0 ,10 ,20 ,0 ,20 ,0 ,60 ,10 ,0 ,10 ,50 ,0 ,0 ,0 ,10 ,10 ,10 ,80 ,0 ,0 ,0 ,0 ,0 ,0 ,0 ,0 ,0 ,0 ,10 ,0 ,0 ,0 ,0 ,20 ,10 ,0 ,0 ,0 ,110 ,10 ,0 ,10 ,10 ,0 ,0 ,290 ,0 ,10 ,20 ,0 ,0 ,70 ,10 ,0 ,0 ,40 ,140 ,640 ,20 ,20 ,20 ,940 ,0 ,20 ,40 ,0 ,10 ,0 ,30 ,10 ,"5,360 ",10 ,90 ,70 ,110 ,510 ,0 ,660 
"981,710 ",0 ,0 ,"178,230 ",0 ,"4,150 ",830 ,"1,090 ",0 ,110 ,10 ,10 ,450 ,0 ,10 ,0 ,"4,870 ",0 ,0 ,650 ,0 ,0 ,"1,570 ",40 ,0 ,0 ,0 ,0 ,0 ,0 ,0 ,0 ,0 ,0 ,"102,840 ","13,460 ","2,280 ","2,290 ","20,020 ","22,230 ",10 ,130 ,10 ,"8,360 ","4,900 ","3,400 ",0 ,"2,100 ",0 ,120 ,"2,490 ","5,020 ",0 ,0 ,0 ,0 ,"9,510 ",210 ,"1,920 ",0 ,"5,000 ",40 ,100 ,380 ,420 ,150 ,210 ,960 ,20 ,640 ,320 ,30 ,320 ,20 ,90 ,"1,340 ",580 ,870 ,140 ,310 ,"2,560 ","2,220 ",670 ,570 ,40 ,940 ,20 ,100 ,140 ,40 ,0 ,0 ,20 ,50 ,0 ,"2,790 ",420 ,"1,340 ",380 ,400 ,930 ,350 ,30 ,"3,260 ",190 ,910 ,370 ,40 ,"1,490 ","1,660 ",350 ,"9,680 ","13,900 ",710 ,"25,450 ","63,670 ","20,110 ","48,890 ",350 ,"183,180 ","23,290 ",800 ,520 ,"15,220 ","42,680 ",0 ,"34,660 ","2,920 ",350 ,"56,060 ",210 ,"2,710 ","5,050 ","8,650 ",810 ,30 ,50 ,20 ,150 ,30 ,10 ,0 ,60 ,0 ,"21,350 ",0 ,"67,380 ","1,590 ",40 ,"6,950 ","2,330 ","2,640 ",200 ,0 ,0 ,10 ,40 ,510 ,0 ,140 ,310 ,0 ,10 ,70 ,20 ,70 ,20 ,"1,540 ",10 ,40 ,0 ,10 ,0 ,10 ,30 ,0 ,30 ,10 ,30 ,10 ,0 ,10 ,50 ,0 ,0 ,0 ,10 ,10 ,10 ,80 ,0 ,0 ,0 ,0 ,0 ,0 ,0 ,0 ,0 ,0 ,20 ,0 ,0 ,0 ,10 ,40 ,20 ,0 ,10 ,0 ,200 ,20 ,0 ,20 ,10 ,0 ,0 ,600 ,0 ,10 ,40 ,0 ,10 ,150 ,20 ,0 ,0 ,50 ,160 ,"1,050 ",10 ,20 ,80 ,"1,400 ",0 ,40 ,50 ,0 ,10 ,0 ,70 ,20 ,"7,560 ",0 ,140 ,130 ,160 ,820 ,0 ,660 
"747,560 ",0 ,0 ,"164,330 ",0 ,"4,210 ",600 ,510 ,0 ,70 ,0 ,10 ,420 ,0 ,0 ,0 ,"6,740 ",0 ,0 ,850 ,0 ,0 ,"1,320 ",20 ,0 ,0 ,0 ,0 ,0 ,0 ,0 ,0 ,0 ,0 ,"139,370 ","13,310 ","3,520 ","3,000 ","27,690 ","32,260 ",40 ,110 ,10 ,"11,790 ","8,370 ","5,440 ",0 ,"3,590 ",0 ,200 ,"3,860 ","10,940 ",0 ,10 ,0 ,0 ,"13,870 ",450 ,"2,130 ",10 ,"5,270 ",70 ,220 ,500 ,940 ,370 ,360 ,"1,580 ",30 ,"1,200 ",550 ,40 ,610 ,30 ,140 ,"2,070 ",710 ,"1,580 ",300 ,510 ,"3,950 ","4,020 ","1,210 ",720 ,30 ,700 ,20 ,100 ,60 ,50 ,0 ,0 ,20 ,40 ,0 ,"2,710 ",390 ,"1,530 ",410 ,160 ,"1,190 ",190 ,10 ,"1,090 ",150 ,"1,220 ",190 ,20 ,780 ,"1,380 ",270 ,"8,080 ","14,620 ",280 ,"21,560 ","29,200 ","16,480 ","14,950 ",210 ,"121,050 ","16,480 ",360 ,500 ,"17,110 ","43,410 ",0 ,"40,440 ","3,340 ",320 ,"58,490 ",130 ,"4,620 ","5,180 ","7,610 ",560 ,30 ,70 ,30 ,190 ,20 ,10 ,0 ,70 ,0 ,"24,070 ",0 ,"82,250 ","3,900 ",40 ,"9,280 ","2,830 ","2,920 ",150 ,0 ,0 ,10 ,100 ,560 ,0 ,220 ,310 ,0 ,0 ,150 ,40 ,60 ,40 ,"1,790 ",10 ,40 ,0 ,0 ,0 ,10 ,20 ,0 ,30 ,10 ,30 ,10 ,0 ,10 ,60 ,0 ,0 ,0 ,10 ,10 ,10 ,80 ,0 ,0 ,0 ,0 ,0 ,0 ,0 ,0 ,0 ,0 ,10 ,0 ,0 ,0 ,0 ,20 ,10 ,0 ,0 ,0 ,120 ,0 ,0 ,10 ,10 ,0 ,0 ,260 ,0 ,10 ,10 ,10 ,0 ,90 ,10 ,10 ,0 ,30 ,150 ,880 ,10 ,20 ,30 ,"1,490 ",0 ,40 ,70 ,0 ,10 ,0 ,90 ,20 ,"10,610 ",10 ,80 ,70 ,130 ,720 ,0 ,350 
"551,210 ",0 ,0 ,"121,230 ",0 ,"2,470 ",350 ,350 ,0 ,60 ,10 ,10 ,170 ,0 ,10 ,0 ,"3,510 ",0 ,0 ,400 ,0 ,0 ,880 ,20 ,0 ,0 ,0 ,0 ,0 ,0 ,0 ,0 ,0 ,0 ,"97,340 ","7,760 ","2,460 ","2,290 ","20,290 ","24,970 ",20 ,100 ,0 ,"7,710 ","5,670 ","4,000 ",0 ,"1,990 ",0 ,140 ,"2,030 ","5,800 ",0 ,10 ,0 ,0 ,"8,740 ",250 ,"1,560 ",0 ,"3,620 ",50 ,130 ,330 ,530 ,200 ,290 ,"1,010 ",20 ,700 ,400 ,40 ,490 ,10 ,80 ,"1,550 ",530 ,"1,180 ",300 ,390 ,"2,960 ","1,950 ",760 ,570 ,30 ,630 ,10 ,50 ,50 ,30 ,0 ,0 ,10 ,40 ,0 ,"1,890 ",250 ,"1,360 ",350 ,150 ,760 ,150 ,20 ,670 ,110 ,"1,060 ",150 ,10 ,650 ,950 ,180 ,"6,200 ","14,840 ",380 ,"15,140 ","38,610 ","11,050 ","19,100 ",220 ,"220,490 ","22,780 ",630 ,360 ,"23,550 ","39,860 ",0 ,"31,540 ","2,330 ",150 ,"41,220 ",70 ,"4,430 ","3,670 ","4,800 ",500 ,40 ,20 ,20 ,150 ,10 ,0 ,0 ,60 ,0 ,"22,140 ",0 ,"72,920 ","2,760 ",30 ,"5,800 ","3,630 ","1,690 ",110 ,0 ,0 ,0 ,20 ,500 ,0 ,260 ,220 ,0 ,0 ,60 ,40 ,30 ,20 ,960 ,20 ,30 ,0 ,0 ,0 ,0 ,10 ,0 ,20 ,10 ,30 ,10 ,0 ,10 ,70 ,0 ,0 ,0 ,10 ,10 ,10 ,50 ,0 ,0 ,0 ,0 ,0 ,0 ,0 ,0 ,0 ,0 ,10 ,0 ,0 ,0 ,0 ,10 ,10 ,0 ,0 ,0 ,70 ,0 ,0 ,10 ,0 ,0 ,0 ,240 ,0 ,0 ,10 ,0 ,0 ,40 ,0 ,0 ,0 ,10 ,70 ,480 ,0 ,10 ,10 ,790 ,0 ,20 ,20 ,0 ,10 ,0 ,30 ,20 ,"4,560 ",0 ,90 ,40 ,90 ,360 ,0 ,460 
"747,370 ",0 ,0 ,"148,990 ",0 ,"2,900 ",470 ,520 ,0 ,120 ,10 ,10 ,230 ,0 ,0 ,0 ,"3,770 ",0 ,0 ,480 ,0 ,0 ,870 ,50 ,0 ,0 ,0 ,0 ,0 ,0 ,0 ,0 ,0 ,0 ,"112,600 ","10,380 ","2,760 ","2,380 ","22,050 ","30,170 ",20 ,100 ,20 ,"9,150 ","5,370 ","3,920 ",0 ,"2,190 ",0 ,190 ,"2,890 ","5,700 ",0 ,10 ,0 ,0 ,"9,630 ",280 ,"1,440 ",0 ,"4,700 ",70 ,150 ,430 ,500 ,190 ,340 ,"1,070 ",30 ,730 ,410 ,20 ,450 ,30 ,110 ,"1,720 ",730 ,"1,060 ",200 ,380 ,"2,790 ","2,350 ",730 ,610 ,40 ,670 ,0 ,140 ,60 ,50 ,0 ,0 ,10 ,40 ,0 ,"2,820 ",360 ,"1,630 ",380 ,130 ,"1,180 ",100 ,40 ,620 ,160 ,910 ,220 ,20 ,790 ,"1,470 ",320 ,"9,430 ","9,260 ",570 ,"18,440 ","40,690 ","14,690 ","27,790 ",280 ,"148,520 ","18,180 ",360 ,530 ,"17,020 ","59,560 ",0 ,"31,200 ","2,160 ",130 ,"42,760 ",90 ,"3,310 ","4,140 ","5,530 ","1,070 ",30 ,40 ,30 ,160 ,10 ,0 ,10 ,60 ,0 ,"25,590 ",0 ,"82,110 ","3,680 ",60 ,"6,190 ","3,220 ","1,860 ",100 ,0 ,0 ,10 ,30 ,470 ,0 ,410 ,230 ,0 ,10 ,70 ,30 ,40 ,30 ,"1,120 ",10 ,20 ,0 ,0 ,0 ,10 ,20 ,0 ,50 ,0 ,30 ,0 ,0 ,0 ,80 ,0 ,0 ,0 ,10 ,10 ,10 ,40 ,0 ,0 ,0 ,0 ,0 ,0 ,0 ,0 ,0 ,0 ,10 ,0 ,0 ,0 ,0 ,10 ,10 ,0 ,0 ,0 ,100 ,10 ,0 ,10 ,10 ,0 ,0 ,280 ,0 ,20 ,10 ,0 ,10 ,50 ,10 ,0 ,0 ,10 ,70 ,480 ,0 ,10 ,30 ,790 ,0 ,10 ,30 ,0 ,10 ,0 ,40 ,10 ,"5,900 ",10 ,80 ,60 ,90 ,440 ,0 ,700 
"801,130 ",0 ,0 ,"152,950 ",0 ,"3,010 ",600 ,640 ,0 ,120 ,10 ,10 ,520 ,0 ,10 ,0 ,"4,510 ",0 ,0 ,570 ,0 ,0 ,"1,170 ",40 ,0 ,0 ,0 ,0 ,0 ,0 ,0 ,0 ,0 ,0 ,"109,080 ","10,420 ","1,970 ","2,270 ","18,200 ","24,790 ",20 ,90 ,0 ,"7,440 ","4,470 ","3,300 ",0 ,"1,600 ",0 ,140 ,"2,600 ","4,360 ",0 ,10 ,0 ,0 ,"7,750 ",290 ,"1,380 ",0 ,"4,060 ",50 ,140 ,300 ,400 ,230 ,270 ,940 ,30 ,630 ,220 ,20 ,320 ,20 ,80 ,"1,160 ",420 ,780 ,140 ,330 ,"2,040 ","1,900 ",600 ,540 ,30 ,650 ,10 ,80 ,50 ,30 ,0 ,0 ,10 ,50 ,0 ,"4,120 ",330 ,"1,240 ",320 ,160 ,"1,080 ",90 ,20 ,630 ,150 ,930 ,280 ,20 ,"1,150 ","1,520 ",290 ,"13,620 ","9,700 ",420 ,"17,320 ","37,470 ","16,240 ","22,720 ",370 ,"131,970 ","26,700 ",590 ,410 ,"17,150 ","29,260 ",0 ,"25,630 ","2,230 ",170 ,"42,490 ",100 ,"3,500 ","3,200 ","7,040 ",630 ,20 ,60 ,20 ,140 ,10 ,10 ,10 ,70 ,10 ,"22,290 ",0 ,"66,230 ","2,740 ",40 ,"5,880 ","2,600 ","1,700 ",100 ,0 ,0 ,40 ,30 ,440 ,0 ,190 ,210 ,0 ,40 ,80 ,40 ,30 ,30 ,"1,330 ",10 ,30 ,0 ,30 ,0 ,80 ,90 ,0 ,20 ,20 ,30 ,30 ,0 ,0 ,240 ,0 ,0 ,0 ,20 ,30 ,30 ,150 ,0 ,0 ,0 ,0 ,0 ,0 ,0 ,0 ,0 ,0 ,100 ,0 ,0 ,0 ,0 ,10 ,10 ,0 ,0 ,20 ,230 ,0 ,0 ,10 ,0 ,0 ,0 ,460 ,0 ,10 ,50 ,0 ,0 ,100 ,10 ,0 ,0 ,20 ,100 ,830 ,50 ,10 ,60 ,"1,030 ",0 ,70 ,100 ,0 ,40 ,0 ,100 ,10 ,"7,030 ",30 ,90 ,220 ,180 ,460 ,0 ,650 
"770,910 ",0 ,0 ,"141,120 ",0 ,"2,610 ",580 ,770 ,0 ,160 ,10 ,10 ,440 ,0 ,10 ,0 ,"3,800 ",0 ,0 ,590 ,0 ,0 ,"1,480 ",20 ,0 ,0 ,0 ,0 ,0 ,0 ,0 ,0 ,0 ,0 ,"65,280 ","7,710 ","1,500 ","1,750 ","17,040 ","18,260 ",10 ,60 ,0 ,"6,980 ","3,010 ","2,130 ",0 ,"1,060 ",0 ,70 ,"1,360 ","2,840 ",0 ,10 ,0 ,0 ,"7,320 ",230 ,"1,120 ",0 ,"3,530 ",60 ,120 ,250 ,300 ,130 ,310 ,740 ,20 ,450 ,210 ,10 ,320 ,10 ,90 ,890 ,430 ,520 ,120 ,230 ,"1,880 ","1,640 ",440 ,540 ,20 ,520 ,10 ,60 ,60 ,40 ,0 ,0 ,10 ,30 ,0 ,"1,670 ",240 ,890 ,240 ,110 ,880 ,130 ,20 ,790 ,140 ,770 ,220 ,20 ,750 ,"1,020 ",140 ,"9,540 ","10,620 ",300 ,"15,960 ","42,620 ","16,850 ","27,490 ",330 ,"121,440 ","14,910 ",330 ,460 ,"17,200 ","32,780 ",0 ,"23,920 ","1,910 ",100 ,"44,640 ",70 ,"2,790 ","2,220 ","5,410 ",350 ,30 ,20 ,20 ,210 ,20 ,0 ,10 ,50 ,0 ,"14,160 ",0 ,"50,870 ","1,800 ",30 ,"5,470 ","2,300 ","1,750 ",90 ,0 ,0 ,0 ,30 ,410 ,0 ,170 ,230 ,0 ,0 ,50 ,40 ,30 ,20 ,800 ,10 ,30 ,0 ,0 ,0 ,10 ,20 ,0 ,50 ,0 ,20 ,0 ,0 ,0 ,50 ,0 ,0 ,0 ,10 ,10 ,0 ,50 ,0 ,0 ,0 ,0 ,0 ,0 ,0 ,0 ,0 ,0 ,20 ,0 ,0 ,0 ,0 ,20 ,0 ,0 ,0 ,0 ,100 ,10 ,0 ,10 ,10 ,0 ,0 ,230 ,0 ,10 ,10 ,0 ,0 ,60 ,10 ,0 ,0 ,10 ,60 ,430 ,0 ,10 ,20 ,730 ,0 ,10 ,50 ,0 ,10 ,0 ,30 ,10 ,"5,170 ",0 ,50 ,50 ,80 ,320 ,0 ,750 
"913,330 ",0 ,0 ,"146,010 ",0 ,"3,170 ",600 ,510 ,0 ,150 ,10 ,20 ,340 ,0 ,10 ,0 ,"3,510 ",0 ,0 ,540 ,0 ,0 ,"1,280 ",40 ,0 ,0 ,0 ,0 ,0 ,0 ,0 ,0 ,0 ,0 ,"55,630 ","7,970 ","1,250 ","1,590 ","15,840 ","15,200 ",10 ,50 ,0 ,"5,850 ","2,320 ","1,990 ",0 ,"1,120 ",0 ,110 ,"1,840 ","2,670 ",0 ,0 ,0 ,0 ,"7,500 ",220 ,"1,200 ",0 ,"3,620 ",90 ,130 ,180 ,280 ,120 ,270 ,870 ,20 ,420 ,160 ,30 ,280 ,30 ,90 ,890 ,510 ,540 ,140 ,280 ,"1,500 ","1,770 ",450 ,490 ,20 ,790 ,20 ,70 ,90 ,30 ,0 ,0 ,10 ,20 ,0 ,"1,920 ",300 ,750 ,370 ,320 ,870 ,400 ,40 ,"1,830 ",160 ,"1,000 ",240 ,40 ,910 ,"1,040 ",240 ,"8,270 ","13,320 ",680 ,"39,100 ","59,050 ","17,870 ","50,100 ",270 ,"147,390 ","16,820 ",540 ,610 ,"15,520 ","28,380 ",0 ,"22,680 ","2,910 ",170 ,"46,830 ",100 ,"3,450 ","3,700 ","5,060 ","1,000 ",30 ,40 ,90 ,160 ,20 ,10 ,10 ,90 ,0 ,"12,340 ",0 ,"56,180 ","1,420 ",20 ,"5,160 ","2,120 ","2,360 ",130 ,0 ,0 ,0 ,30 ,480 ,0 ,120 ,190 ,0 ,0 ,70 ,40 ,40 ,30 ,"1,020 ",10 ,60 ,0 ,0 ,0 ,10 ,10 ,0 ,30 ,10 ,20 ,10 ,0 ,10 ,30 ,0 ,0 ,0 ,10 ,0 ,0 ,110 ,0 ,0 ,0 ,0 ,0 ,0 ,0 ,0 ,0 ,10 ,20 ,0 ,0 ,0 ,10 ,20 ,10 ,0 ,0 ,0 ,80 ,10 ,0 ,10 ,0 ,0 ,0 ,250 ,0 ,10 ,10 ,0 ,0 ,50 ,10 ,0 ,0 ,20 ,60 ,420 ,0 ,20 ,20 ,720 ,0 ,20 ,30 ,0 ,10 ,0 ,50 ,10 ,"4,660 ",0 ,70 ,70 ,100 ,410 ,0 ,740 
"885,390 ",0 ,0 ,"167,110 ",0 ,"3,370 ",520 ,440 ,0 ,110 ,0 ,10 ,440 ,0 ,0 ,0 ,"3,570 ",0 ,0 ,530 ,0 ,0 ,"1,210 ",30 ,0 ,0 ,0 ,0 ,0 ,0 ,0 ,0 ,0 ,0 ,"60,320 ","9,170 ","1,520 ","2,090 ","17,270 ","16,360 ",10 ,70 ,10 ,"5,950 ","2,680 ","2,340 ",0 ,"1,330 ",0 ,90 ,"2,260 ","2,960 ",0 ,10 ,0 ,10 ,"8,520 ",200 ,"1,390 ",0 ,"4,210 ",80 ,130 ,260 ,360 ,120 ,330 ,940 ,10 ,410 ,230 ,30 ,290 ,30 ,60 ,980 ,540 ,600 ,120 ,310 ,"1,700 ","1,790 ",440 ,470 ,30 ,720 ,20 ,100 ,70 ,30 ,0 ,0 ,10 ,100 ,0 ,"1,940 ",390 ,820 ,340 ,410 ,910 ,270 ,150 ,"1,900 ",190 ,980 ,980 ,40 ,940 ,"1,250 ",230 ,"8,800 ","14,710 ",620 ,"26,530 ","38,160 ","15,700 ","23,660 ",250 ,"127,370 ","19,430 ",560 ,600 ,"18,750 ","29,190 ",0 ,"21,550 ","2,930 ",180 ,"42,010 ",120 ,"3,000 ","3,990 ","4,890 ",880 ,20 ,30 ,30 ,150 ,10 ,0 ,10 ,70 ,0 ,"14,020 ",0 ,"62,360 ","1,940 ",30 ,"5,750 ","2,540 ","1,770 ",170 ,0 ,0 ,10 ,40 ,400 ,10 ,140 ,200 ,0 ,0 ,50 ,20 ,20 ,20 ,"1,120 ",0 ,20 ,0 ,0 ,0 ,10 ,30 ,0 ,20 ,0 ,20 ,10 ,0 ,10 ,60 ,0 ,0 ,0 ,0 ,10 ,10 ,40 ,0 ,0 ,0 ,0 ,0 ,0 ,0 ,0 ,10 ,0 ,20 ,0 ,0 ,0 ,10 ,20 ,10 ,0 ,0 ,10 ,110 ,10 ,0 ,10 ,0 ,0 ,0 ,330 ,0 ,10 ,10 ,0 ,0 ,70 ,0 ,0 ,0 ,20 ,100 ,530 ,0 ,10 ,20 ,830 ,0 ,30 ,40 ,0 ,10 ,0 ,30 ,20 ,"6,220 ",10 ,90 ,110 ,120 ,480 ,0 ,"1,590 "
"826,310 ",0 ,0 ,"160,830 ",0 ,"2,740 ",430 ,400 ,0 ,90 ,20 ,40 ,430 ,0 ,20 ,0 ,"3,350 ",0 ,0 ,610 ,0 ,0 ,"1,250 ",40 ,0 ,0 ,0 ,0 ,0 ,0 ,0 ,0 ,0 ,0 ,"71,470 ","9,430 ","1,990 ","2,460 ","23,870 ","18,130 ",10 ,160 ,10 ,"10,270 ","3,840 ","2,130 ",0 ,790 ,0 ,70 ,"1,280 ","2,190 ",0 ,10 ,0 ,0 ,"12,150 ",270 ,"1,990 ",10 ,"5,550 ",70 ,110 ,260 ,320 ,210 ,220 ,830 ,20 ,430 ,240 ,30 ,270 ,20 ,90 ,860 ,520 ,550 ,100 ,260 ,"1,880 ","1,660 ",470 ,480 ,30 ,730 ,10 ,100 ,80 ,40 ,0 ,0 ,10 ,100 ,0 ,"1,820 ",500 ,"1,120 ",390 ,730 ,"1,290 ",250 ,460 ,"2,040 ",240 ,"1,110 ","3,310 ",50 ,630 ,"1,360 ",260 ,"8,930 ","10,890 ",540 ,"19,650 ","50,530 ","15,470 ","27,820 ",260 ,"150,910 ","29,970 ","1,040 ",640 ,"19,990 ","66,430 ",0 ,"31,240 ","2,470 ",100 ,"38,910 ",80 ,"2,550 ","4,840 ","5,350 ","1,080 ",30 ,30 ,20 ,140 ,30 ,10 ,10 ,70 ,0 ,"13,890 ",0 ,"52,460 ","1,510 ",20 ,"5,250 ","2,350 ","1,710 ",130 ,0 ,0 ,10 ,30 ,460 ,10 ,140 ,200 ,0 ,10 ,60 ,30 ,40 ,20 ,930 ,10 ,10 ,0 ,0 ,0 ,20 ,10 ,0 ,60 ,0 ,30 ,0 ,0 ,0 ,30 ,0 ,0 ,0 ,10 ,0 ,0 ,60 ,0 ,0 ,0 ,0 ,0 ,0 ,0 ,0 ,0 ,0 ,20 ,0 ,0 ,0 ,0 ,30 ,20 ,0 ,0 ,0 ,120 ,0 ,0 ,10 ,0 ,0 ,0 ,320 ,0 ,10 ,10 ,0 ,0 ,50 ,10 ,10 ,0 ,30 ,110 ,500 ,0 ,20 ,30 ,850 ,0 ,30 ,20 ,0 ,10 ,0 ,30 ,20 ,"4,760 ",0 ,50 ,60 ,100 ,500 ,0 ,"1,660 "
"951,390 ",0 ,0 ,"160,260 ",0 ,"3,290 ",520 ,630 ,0 ,100 ,0 ,10 ,410 ,0 ,10 ,0 ,"3,510 ",0 ,0 ,620 ,0 ,0 ,"1,440 ",40 ,0 ,0 ,0 ,0 ,0 ,0 ,0 ,0 ,0 ,0 ,"58,220 ","7,030 ","1,600 ","1,680 ","14,010 ","15,690 ",10 ,100 ,10 ,"5,670 ","2,320 ","1,520 ",0 ,840 ,0 ,80 ,"1,160 ","1,920 ",0 ,10 ,0 ,10 ,"9,140 ",240 ,"1,350 ",0 ,"4,240 ",40 ,60 ,240 ,220 ,130 ,170 ,690 ,20 ,420 ,200 ,10 ,210 ,10 ,60 ,750 ,320 ,500 ,80 ,190 ,"1,660 ","1,330 ",360 ,410 ,30 ,730 ,0 ,100 ,60 ,20 ,0 ,0 ,10 ,50 ,0 ,"1,840 ",420 ,"1,130 ",290 ,160 ,910 ,150 ,80 ,960 ,180 ,860 ,500 ,40 ,790 ,"1,130 ",180 ,"7,830 ","9,840 ",490 ,"17,270 ","52,330 ","15,380 ","29,120 ",300 ,"118,850 ","15,220 ",370 ,380 ,"17,220 ","45,010 ",0 ,"26,420 ","1,920 ",200 ,"39,390 ",120 ,"2,930 ","3,150 ","4,950 ",540 ,20 ,40 ,20 ,140 ,10 ,10 ,0 ,50 ,0 ,"11,570 ",0 ,"46,910 ","1,590 ",30 ,"5,280 ","2,910 ","1,690 ",120 ,0 ,0 ,0 ,10 ,400 ,0 ,190 ,220 ,0 ,10 ,60 ,30 ,30 ,10 ,"1,050 ",10 ,20 ,0 ,0 ,0 ,10 ,10 ,0 ,20 ,10 ,40 ,0 ,0 ,0 ,30 ,0 ,0 ,0 ,0 ,0 ,10 ,50 ,0 ,0 ,0 ,0 ,0 ,0 ,0 ,0 ,10 ,10 ,20 ,0 ,0 ,0 ,10 ,30 ,20 ,0 ,0 ,0 ,120 ,10 ,0 ,10 ,20 ,0 ,10 ,370 ,0 ,10 ,10 ,10 ,10 ,60 ,10 ,0 ,0 ,20 ,120 ,480 ,10 ,10 ,40 ,730 ,0 ,20 ,40 ,0 ,20 ,0 ,40 ,10 ,"5,810 ",0 ,90 ,100 ,140 ,560 ,0 ,"1,490 "
"758,530 ",0 ,0 ,"187,630 ",0 ,"2,900 ",660 ,570 ,0 ,170 ,10 ,20 ,480 ,0 ,0 ,0 ,"3,780 ",0 ,0 ,640 ,0 ,0 ,"1,600 ",30 ,0 ,0 ,0 ,0 ,0 ,0 ,0 ,0 ,0 ,0 ,"70,780 ","7,720 ","1,620 ","2,050 ","16,000 ","18,120 ",0 ,60 ,0 ,"7,060 ","3,480 ","2,550 ",0 ,"1,300 ",0 ,140 ,"1,770 ","2,570 ",0 ,10 ,0 ,0 ,"7,850 ",190 ,"1,300 ",10 ,"4,360 ",40 ,80 ,200 ,280 ,150 ,120 ,610 ,10 ,540 ,180 ,10 ,220 ,10 ,80 ,850 ,500 ,550 ,110 ,230 ,"1,660 ","1,490 ",370 ,500 ,20 ,550 ,10 ,60 ,60 ,30 ,0 ,0 ,10 ,40 ,0 ,"1,350 ",430 ,"1,040 ",250 ,150 ,670 ,170 ,60 ,880 ,170 ,660 ,210 ,20 ,780 ,"1,710 ",220 ,"9,890 ","11,090 ",380 ,"18,690 ","38,330 ","15,790 ","23,460 ",260 ,"137,830 ","17,700 ",430 ,400 ,"16,010 ","39,720 ",0 ,"26,920 ","1,910 ",140 ,"47,850 ",80 ,"6,480 ","3,330 ","4,770 ",580 ,10 ,40 ,60 ,110 ,10 ,0 ,10 ,100 ,0 ,"15,130 ",0 ,"58,640 ","1,680 ",30 ,"5,250 ","2,720 ","1,810 ",110 ,0 ,0 ,10 ,40 ,380 ,0 ,220 ,220 ,0 ,10 ,50 ,50 ,40 ,20 ,930 ,10 ,20 ,0 ,0 ,0 ,30 ,20 ,0 ,40 ,10 ,20 ,10 ,0 ,10 ,80 ,0 ,0 ,0 ,10 ,10 ,0 ,60 ,0 ,0 ,0 ,0 ,0 ,0 ,0 ,0 ,0 ,10 ,10 ,0 ,0 ,0 ,0 ,20 ,10 ,0 ,0 ,0 ,110 ,10 ,0 ,10 ,0 ,0 ,0 ,290 ,0 ,10 ,10 ,0 ,10 ,80 ,10 ,0 ,0 ,20 ,70 ,460 ,10 ,20 ,50 ,730 ,0 ,20 ,30 ,0 ,10 ,0 ,20 ,20 ,"6,150 ",0 ,80 ,100 ,100 ,380 ,0 ,"2,700 "
"717,530 ",0 ,0 ,"155,390 ",0 ,"3,340 ",640 ,710 ,0 ,200 ,10 ,20 ,510 ,0 ,10 ,0 ,"3,640 ",0 ,0 ,660 ,0 ,0 ,"1,450 ",40 ,0 ,0 ,0 ,0 ,0 ,0 ,0 ,0 ,0 ,0 ,"86,580 ","9,120 ","2,240 ","2,470 ","18,420 ","22,540 ",20 ,120 ,10 ,"8,960 ","4,310 ","3,100 ",0 ,"1,870 ",0 ,140 ,"2,470 ","4,450 ",0 ,10 ,0 ,0 ,"7,940 ",200 ,"1,660 ",0 ,"4,230 ",40 ,80 ,350 ,330 ,180 ,130 ,700 ,20 ,660 ,280 ,20 ,230 ,20 ,90 ,"1,230 ",530 ,900 ,200 ,360 ,"2,950 ","1,980 ",590 ,530 ,30 ,710 ,20 ,70 ,130 ,30 ,0 ,0 ,20 ,50 ,0 ,"1,720 ",380 ,"1,020 ",280 ,380 ,730 ,520 ,30 ,"2,140 ",150 ,740 ,330 ,30 ,"1,300 ","1,580 ",240 ,"7,930 ","12,180 ",690 ,"20,270 ","51,260 ","17,810 ","35,060 ",350 ,"171,330 ","19,630 ",560 ,560 ,"15,240 ","44,710 ",0 ,"30,280 ","2,740 ",170 ,"57,080 ",120 ,"5,450 ","5,710 ","6,400 ",700 ,30 ,50 ,40 ,140 ,20 ,0 ,0 ,110 ,0 ,"20,710 ",0 ,"76,800 ","1,760 ",40 ,"5,380 ","2,610 ","2,530 ",160 ,0 ,0 ,10 ,40 ,560 ,10 ,180 ,220 ,0 ,10 ,70 ,50 ,50 ,20 ,"1,440 ",20 ,40 ,0 ,0 ,0 ,10 ,10 ,0 ,40 ,10 ,20 ,10 ,0 ,0 ,40 ,0 ,0 ,0 ,10 ,20 ,0 ,60 ,0 ,0 ,0 ,0 ,0 ,0 ,0 ,0 ,0 ,10 ,10 ,0 ,0 ,0 ,10 ,30 ,10 ,0 ,0 ,10 ,270 ,10 ,0 ,10 ,10 ,0 ,0 ,920 ,0 ,10 ,10 ,10 ,0 ,80 ,10 ,0 ,0 ,60 ,150 ,650 ,10 ,10 ,40 ,"1,000 ",0 ,50 ,40 ,0 ,20 ,0 ,30 ,20 ,"5,660 ",0 ,90 ,150 ,150 ,520 ,0 ,"1,850 "
"1,039,260 ",0 ,0 ,"181,790 ",0 ,"4,490 ",910 ,"1,570 ",0 ,180 ,10 ,20 ,500 ,0 ,10 ,0 ,"5,260 ",0 ,0 ,740 ,0 ,0 ,"1,810 ",40 ,0 ,0 ,0 ,0 ,0 ,0 ,0 ,0 ,0 ,0 ,"93,290 ","13,880 ","2,340 ","2,370 ","20,590 ","24,410 ",10 ,80 ,10 ,"8,950 ","4,880 ","3,270 ",0 ,"2,190 ",0 ,120 ,"2,480 ","4,820 ",0 ,10 ,0 ,0 ,"9,410 ",250 ,"2,030 ",0 ,"5,330 ",80 ,110 ,330 ,400 ,180 ,160 ,950 ,20 ,600 ,290 ,30 ,310 ,20 ,100 ,"1,410 ",650 ,790 ,230 ,390 ,"2,870 ","2,280 ",660 ,650 ,40 ,"1,000 ",40 ,110 ,190 ,20 ,0 ,0 ,20 ,30 ,0 ,"2,630 ",410 ,"1,300 ",400 ,300 ,"1,030 ",320 ,60 ,"3,670 ",240 ,870 ,260 ,60 ,"1,440 ","2,010 ",330 ,"9,570 ","16,060 ",770 ,"26,290 ","62,560 ","22,690 ","50,670 ",460 ,"189,870 ","25,370 ",890 ,730 ,"13,080 ","43,730 ",0 ,"34,350 ","2,800 ",460 ,"65,610 ",180 ,"3,810 ","6,190 ","8,710 ","1,200 ",40 ,30 ,20 ,180 ,20 ,0 ,0 ,80 ,0 ,"23,780 ",0 ,"78,700 ","1,520 ",50 ,"7,760 ","2,090 ","3,340 ",220 ,0 ,0 ,20 ,30 ,640 ,0 ,150 ,300 ,0 ,0 ,80 ,60 ,50 ,20 ,"1,820 ",20 ,30 ,0 ,0 ,0 ,10 ,10 ,0 ,30 ,0 ,30 ,10 ,0 ,10 ,70 ,0 ,0 ,0 ,10 ,10 ,10 ,60 ,0 ,0 ,0 ,0 ,0 ,0 ,0 ,0 ,0 ,0 ,20 ,0 ,0 ,0 ,10 ,40 ,20 ,0 ,0 ,0 ,190 ,0 ,0 ,30 ,10 ,0 ,0 ,790 ,0 ,10 ,40 ,0 ,0 ,150 ,10 ,0 ,0 ,60 ,150 ,"1,300 ",10 ,10 ,70 ,"1,520 ",0 ,30 ,40 ,0 ,20 ,0 ,60 ,30 ,"8,430 ",10 ,100 ,130 ,200 ,960 ,0 ,690 
"780,980 ",0 ,0 ,"164,720 ",0 ,"4,090 ",680 ,740 ,0 ,200 ,0 ,10 ,380 ,0 ,0 ,0 ,"7,040 ",0 ,0 ,920 ,0 ,0 ,"1,470 ",20 ,0 ,0 ,0 ,0 ,0 ,0 ,0 ,0 ,0 ,0 ,"126,890 ","13,940 ","3,360 ","2,990 ","27,830 ","33,280 ",40 ,150 ,0 ,"12,020 ","8,330 ","5,900 ",0 ,"3,580 ",0 ,190 ,"4,230 ","11,530 ",0 ,10 ,0 ,0 ,"14,020 ",520 ,"2,130 ",0 ,"5,690 ",90 ,220 ,460 ,890 ,420 ,390 ,"1,460 ",30 ,"1,310 ",520 ,60 ,600 ,20 ,170 ,"2,160 ",830 ,"1,500 ",390 ,510 ,"3,960 ","4,290 ","1,110 ",830 ,40 ,820 ,10 ,110 ,90 ,50 ,0 ,0 ,20 ,50 ,0 ,"2,090 ",350 ,"1,580 ",400 ,180 ,"1,160 ",150 ,30 ,"1,070 ",150 ,"1,040 ",170 ,20 ,850 ,"1,590 ",270 ,"8,270 ","19,150 ",270 ,"24,530 ","32,840 ","19,370 ","16,000 ",260 ,"149,340 ","17,860 ",400 ,720 ,"19,880 ","43,400 ",0 ,"38,340 ","3,780 ",370 ,"68,800 ",160 ,"7,140 ","5,370 ","7,630 ",720 ,80 ,30 ,20 ,280 ,40 ,10 ,20 ,100 ,0 ,"24,920 ",0 ,"91,850 ","3,250 ",50 ,"8,110 ","3,070 ","3,280 ",230 ,0 ,0 ,10 ,90 ,570 ,10 ,260 ,260 ,0 ,0 ,180 ,50 ,70 ,30 ,"2,060 ",20 ,40 ,0 ,10 ,0 ,10 ,20 ,0 ,40 ,10 ,40 ,10 ,0 ,0 ,60 ,0 ,0 ,0 ,10 ,0 ,10 ,70 ,0 ,0 ,0 ,0 ,0 ,0 ,0 ,0 ,0 ,0 ,10 ,0 ,0 ,0 ,0 ,40 ,0 ,0 ,0 ,0 ,100 ,10 ,0 ,10 ,0 ,0 ,0 ,360 ,0 ,0 ,10 ,0 ,0 ,100 ,20 ,0 ,0 ,50 ,160 ,870 ,0 ,10 ,30 ,"1,470 ",0 ,60 ,40 ,0 ,10 ,0 ,90 ,20 ,"10,860 ",10 ,90 ,80 ,160 ,770 ,0 ,310 
"555,740 ",0 ,0 ,"124,410 ",0 ,"2,650 ",440 ,470 ,0 ,110 ,10 ,10 ,240 ,0 ,10 ,0 ,"3,710 ",0 ,0 ,580 ,0 ,0 ,900 ,20 ,0 ,0 ,0 ,0 ,0 ,0 ,0 ,0 ,0 ,0 ,"94,160 ","8,060 ","2,430 ","2,300 ","21,550 ","26,140 ",20 ,100 ,0 ,"8,010 ","5,290 ","3,940 ",0 ,"1,990 ",0 ,130 ,"2,250 ","5,300 ",0 ,10 ,0 ,0 ,"8,840 ",260 ,"1,570 ",0 ,"4,040 ",50 ,200 ,340 ,510 ,180 ,320 ,"1,010 ",30 ,760 ,360 ,30 ,430 ,20 ,100 ,"1,710 ",530 ,"1,230 ",190 ,390 ,"3,370 ","2,160 ",770 ,690 ,20 ,580 ,10 ,130 ,70 ,30 ,0 ,0 ,10 ,30 ,0 ,"1,620 ",320 ,"1,300 ",290 ,150 ,830 ,150 ,30 ,780 ,100 ,950 ,150 ,20 ,750 ,"1,260 ",130 ,"6,240 ","12,770 ",320 ,"14,980 ","32,970 ","12,500 ","18,330 ",290 ,"206,380 ","25,690 ",530 ,520 ,"21,680 ","39,010 ",0 ,"36,750 ","2,510 ",190 ,"46,290 ",70 ,"5,590 ","3,770 ","4,910 ",610 ,30 ,20 ,20 ,140 ,20 ,0 ,0 ,70 ,0 ,"22,310 ",0 ,"77,840 ","2,280 ",30 ,"5,850 ","3,670 ","1,930 ",180 ,0 ,0 ,0 ,40 ,480 ,0 ,200 ,200 ,0 ,10 ,60 ,40 ,30 ,20 ,"1,040 ",10 ,60 ,0 ,0 ,0 ,10 ,10 ,0 ,20 ,0 ,10 ,0 ,0 ,10 ,60 ,0 ,0 ,0 ,20 ,10 ,0 ,50 ,0 ,0 ,0 ,0 ,0 ,0 ,0 ,0 ,10 ,0 ,10 ,0 ,0 ,0 ,0 ,20 ,0 ,0 ,0 ,0 ,90 ,0 ,0 ,10 ,0 ,0 ,0 ,240 ,0 ,10 ,10 ,0 ,0 ,40 ,10 ,0 ,0 ,20 ,80 ,540 ,0 ,20 ,20 ,780 ,0 ,20 ,30 ,0 ,10 ,0 ,30 ,20 ,"4,930 ",0 ,60 ,40 ,60 ,400 ,0 ,370 
"690,820 ",0 ,0 ,"146,790 ",0 ,"2,820 ",450 ,630 ,0 ,110 ,10 ,10 ,340 ,0 ,20 ,0 ,"4,130 ",0 ,0 ,640 ,0 ,0 ,"1,000 ",50 ,0 ,0 ,0 ,0 ,0 ,0 ,0 ,0 ,0 ,0 ,"109,120 ","10,310 ","2,620 ","2,400 ","23,200 ","30,400 ",20 ,140 ,10 ,"9,430 ","5,540 ","3,990 ",0 ,"2,180 ",0 ,160 ,"2,390 ","5,500 ",0 ,10 ,0 ,0 ,"10,130 ",220 ,"1,470 ",0 ,"4,580 ",90 ,150 ,390 ,490 ,220 ,310 ,"1,040 ",30 ,780 ,400 ,40 ,430 ,20 ,130 ,"1,850 ",620 ,"1,100 ",220 ,510 ,"3,420 ","2,580 ",860 ,720 ,20 ,640 ,10 ,100 ,60 ,40 ,0 ,0 ,10 ,30 ,0 ,"2,370 ",400 ,"1,280 ",300 ,120 ,950 ,100 ,30 ,710 ,160 ,930 ,170 ,10 ,800 ,"1,400 ",190 ,"9,340 ","9,210 ",490 ,"18,780 ","38,880 ","15,810 ","27,010 ",370 ,"129,590 ","17,760 ",350 ,640 ,"16,910 ","60,120 ",0 ,"34,290 ","2,150 ",180 ,"44,440 ",100 ,"4,270 ","3,820 ","5,630 ","1,080 ",30 ,30 ,20 ,140 ,20 ,10 ,0 ,60 ,0 ,"28,830 ",0 ,"93,610 ","2,930 ",50 ,"6,890 ","3,880 ","2,110 ",150 ,0 ,0 ,0 ,50 ,560 ,0 ,550 ,200 ,0 ,10 ,110 ,40 ,40 ,20 ,"1,100 ",10 ,40 ,0 ,0 ,0 ,20 ,20 ,0 ,20 ,10 ,20 ,0 ,0 ,0 ,50 ,0 ,0 ,0 ,0 ,10 ,10 ,60 ,0 ,0 ,0 ,0 ,0 ,0 ,0 ,0 ,0 ,0 ,20 ,0 ,0 ,0 ,0 ,30 ,10 ,0 ,0 ,0 ,90 ,0 ,0 ,0 ,0 ,0 ,0 ,260 ,0 ,10 ,10 ,0 ,0 ,40 ,0 ,0 ,0 ,20 ,110 ,460 ,0 ,10 ,30 ,810 ,0 ,20 ,40 ,0 ,20 ,0 ,30 ,20 ,"5,610 ",0 ,70 ,50 ,80 ,390 ,0 ,840 
"885,880 ",0 ,0 ,"164,150 ",0 ,"3,440 ",400 ,780 ,0 ,100 ,10 ,10 ,400 ,0 ,10 ,0 ,"4,280 ",0 ,0 ,510 ,0 ,0 ,"1,270 ",40 ,0 ,0 ,0 ,0 ,0 ,0 ,0 ,0 ,0 ,0 ,"101,420 ","10,890 ","1,800 ","2,340 ","18,590 ","23,680 ",20 ,110 ,10 ,"7,910 ","4,400 ","3,140 ",0 ,"1,380 ",0 ,160 ,"2,450 ","3,980 ",0 ,0 ,0 ,0 ,"7,440 ",240 ,"1,640 ",0 ,"4,470 ",50 ,130 ,250 ,390 ,140 ,270 ,820 ,20 ,560 ,230 ,30 ,340 ,20 ,110 ,"1,280 ",470 ,740 ,170 ,380 ,"2,150 ","2,120 ",560 ,590 ,20 ,700 ,10 ,100 ,110 ,40 ,0 ,0 ,10 ,30 ,0 ,"2,970 ",370 ,"1,420 ",260 ,110 ,780 ,130 ,50 ,870 ,190 ,780 ,260 ,40 ,"1,210 ","2,030 ",210 ,"13,950 ","10,400 ",380 ,"17,710 ","37,890 ","19,810 ","22,610 ",460 ,"140,330 ","24,410 ",490 ,520 ,"16,370 ","29,690 ",0 ,"24,360 ","2,430 ",190 ,"47,510 ",80 ,"4,020 ","3,300 ","7,240 ",550 ,20 ,40 ,30 ,170 ,20 ,10 ,0 ,60 ,0 ,"22,650 ",0 ,"77,080 ","1,660 ",40 ,"6,300 ","2,580 ","2,060 ",150 ,0 ,0 ,10 ,20 ,500 ,0 ,250 ,190 ,0 ,10 ,110 ,70 ,60 ,40 ,"1,660 ",10 ,30 ,0 ,0 ,0 ,10 ,30 ,0 ,30 ,10 ,70 ,10 ,0 ,0 ,40 ,0 ,0 ,0 ,10 ,10 ,0 ,70 ,0 ,0 ,0 ,0 ,0 ,0 ,0 ,0 ,0 ,0 ,10 ,0 ,0 ,0 ,10 ,30 ,0 ,0 ,0 ,0 ,100 ,0 ,0 ,10 ,0 ,0 ,0 ,410 ,0 ,0 ,20 ,0 ,0 ,70 ,10 ,0 ,0 ,40 ,80 ,720 ,0 ,10 ,40 ,770 ,0 ,20 ,20 ,0 ,10 ,0 ,20 ,30 ,"7,100 ",10 ,60 ,70 ,70 ,580 ,0 ,950 
"798,700 ",0 ,0 ,"145,670 ",0 ,"2,910 ",520 ,870 ,0 ,170 ,10 ,20 ,320 ,0 ,10 ,0 ,"3,920 ",0 ,0 ,670 ,0 ,0 ,"1,900 ",30 ,0 ,0 ,0 ,0 ,0 ,0 ,0 ,0 ,0 ,0 ,"68,600 ","8,470 ","1,470 ","1,860 ","16,680 ","18,000 ",10 ,60 ,0 ,"7,080 ","3,150 ","2,220 ",0 ,"1,190 ",0 ,110 ,"1,420 ","2,920 ",0 ,10 ,0 ,0 ,"7,840 ",220 ,"1,250 ",0 ,"3,830 ",90 ,150 ,210 ,310 ,130 ,310 ,820 ,20 ,500 ,220 ,20 ,310 ,20 ,100 ,930 ,400 ,570 ,140 ,300 ,"1,930 ","1,910 ",490 ,600 ,10 ,560 ,10 ,70 ,60 ,20 ,0 ,0 ,10 ,20 ,0 ,"1,490 ",290 ,"1,020 ",240 ,100 ,820 ,100 ,20 ,890 ,140 ,820 ,130 ,20 ,960 ,"1,490 ",170 ,"10,410 ","10,930 ",410 ,"16,510 ","43,490 ","19,840 ","29,970 ",690 ,"124,550 ","17,410 ",500 ,620 ,"15,510 ","41,010 ",0 ,"23,840 ","1,940 ",160 ,"48,660 ",50 ,"4,130 ","2,430 ","5,540 ",530 ,50 ,40 ,20 ,130 ,20 ,0 ,10 ,60 ,0 ,"15,450 ",0 ,"57,010 ","1,400 ",30 ,"5,460 ","2,230 ","2,120 ",100 ,0 ,0 ,10 ,30 ,450 ,0 ,230 ,210 ,0 ,10 ,110 ,30 ,30 ,10 ,"1,030 ",10 ,20 ,0 ,10 ,0 ,10 ,10 ,0 ,20 ,0 ,30 ,0 ,0 ,0 ,40 ,0 ,0 ,0 ,10 ,0 ,0 ,50 ,0 ,0 ,0 ,0 ,0 ,0 ,0 ,0 ,0 ,0 ,10 ,0 ,0 ,0 ,10 ,10 ,10 ,0 ,0 ,0 ,110 ,10 ,0 ,10 ,0 ,0 ,0 ,300 ,0 ,10 ,10 ,0 ,10 ,50 ,0 ,0 ,0 ,20 ,70 ,420 ,0 ,10 ,20 ,740 ,0 ,20 ,40 ,0 ,10 ,0 ,40 ,10 ,"5,430 ",10 ,60 ,80 ,80 ,380 ,0 ,"1,020 "
"905,070 ",0 ,0 ,"147,940 ",0 ,"3,500 ",610 ,690 ,0 ,150 ,10 ,20 ,380 ,0 ,10 ,0 ,"3,710 ",0 ,0 ,570 ,0 ,0 ,"1,480 ",30 ,0 ,0 ,0 ,0 ,0 ,0 ,0 ,0 ,0 ,0 ,"54,630 ","7,480 ","1,200 ","1,720 ","17,010 ","14,520 ",10 ,50 ,0 ,"5,890 ","2,230 ","1,870 ",0 ,"1,150 ",0 ,100 ,"1,740 ","2,440 ",0 ,0 ,0 ,0 ,"7,290 ",200 ,"1,200 ",0 ,"3,790 ",60 ,130 ,180 ,300 ,100 ,290 ,750 ,20 ,390 ,180 ,20 ,320 ,20 ,80 ,840 ,580 ,580 ,110 ,270 ,"1,560 ","1,730 ",460 ,540 ,20 ,830 ,10 ,90 ,70 ,20 ,0 ,0 ,10 ,40 ,0 ,"1,840 ",280 ,710 ,370 ,220 ,950 ,350 ,40 ,"1,740 ",220 ,"1,020 ",330 ,30 ,960 ,"1,440 ",220 ,"7,830 ","15,160 ",650 ,"43,680 ","56,270 ","20,540 ","54,530 ",320 ,"143,630 ","17,590 ",550 ,840 ,"16,170 ","27,840 ",0 ,"24,000 ","3,180 ",170 ,"50,280 ",110 ,"4,210 ","3,470 ","5,000 ",700 ,30 ,30 ,20 ,150 ,20 ,10 ,0 ,50 ,0 ,"13,310 ",0 ,"62,770 ","1,200 ",20 ,"5,210 ","2,120 ","2,230 ",130 ,0 ,0 ,0 ,20 ,460 ,0 ,170 ,190 ,0 ,0 ,60 ,30 ,40 ,10 ,"1,090 ",10 ,30 ,0 ,0 ,0 ,10 ,20 ,0 ,20 ,0 ,20 ,10 ,0 ,10 ,50 ,0 ,0 ,0 ,10 ,10 ,0 ,60 ,0 ,0 ,0 ,0 ,0 ,0 ,0 ,0 ,0 ,0 ,20 ,0 ,0 ,0 ,10 ,20 ,10 ,0 ,0 ,0 ,110 ,10 ,0 ,10 ,0 ,0 ,0 ,340 ,0 ,10 ,10 ,0 ,10 ,60 ,10 ,10 ,0 ,20 ,90 ,590 ,0 ,20 ,20 ,760 ,0 ,30 ,20 ,0 ,10 ,0 ,40 ,20 ,"4,840 ",10 ,90 ,70 ,110 ,420 ,0 ,820 
"890,000 ",0 ,0 ,"167,310 ",0 ,"3,800 ",610 ,600 ,0 ,140 ,10 ,10 ,420 ,0 ,10 ,0 ,"3,630 ",0 ,0 ,610 ,0 ,0 ,"1,220 ",50 ,0 ,0 ,0 ,0 ,0 ,0 ,0 ,0 ,0 ,0 ,"58,750 ","8,970 ","1,630 ","2,240 ","17,570 ","16,030 ",10 ,80 ,10 ,"6,400 ","2,680 ","2,320 ",0 ,"1,150 ",0 ,80 ,"2,040 ","2,940 ",0 ,10 ,0 ,0 ,"8,190 ",180 ,"1,490 ",0 ,"4,230 ",100 ,150 ,210 ,400 ,140 ,310 ,950 ,10 ,410 ,250 ,30 ,270 ,50 ,70 ,950 ,570 ,600 ,150 ,280 ,"1,690 ","1,930 ",510 ,510 ,60 ,790 ,10 ,90 ,70 ,50 ,0 ,0 ,10 ,60 ,0 ,"1,560 ",340 ,810 ,370 ,410 ,960 ,300 ,190 ,"1,860 ",280 ,"1,010 ",950 ,30 ,940 ,"1,680 ",320 ,"8,950 ","16,860 ",520 ,"29,680 ","37,870 ","16,870 ","25,030 ",370 ,"130,090 ","20,890 ",560 ,930 ,"17,520 ","32,560 ",0 ,"22,460 ","2,490 ",200 ,"44,150 ",110 ,"3,800 ","4,200 ","4,990 ",750 ,30 ,40 ,20 ,150 ,20 ,10 ,0 ,90 ,0 ,"14,610 ",0 ,"68,290 ","1,540 ",40 ,"6,080 ","2,350 ","2,060 ",170 ,0 ,0 ,0 ,40 ,520 ,10 ,160 ,180 ,0 ,0 ,60 ,20 ,40 ,30 ,"1,520 ",10 ,30 ,0 ,10 ,0 ,10 ,10 ,0 ,30 ,10 ,20 ,0 ,0 ,10 ,40 ,0 ,0 ,0 ,10 ,10 ,0 ,30 ,0 ,0 ,0 ,0 ,0 ,0 ,0 ,0 ,0 ,10 ,10 ,0 ,0 ,0 ,10 ,30 ,20 ,0 ,0 ,0 ,150 ,0 ,0 ,10 ,0 ,0 ,0 ,370 ,0 ,10 ,10 ,0 ,0 ,90 ,10 ,0 ,0 ,40 ,80 ,550 ,10 ,10 ,20 ,770 ,0 ,30 ,30 ,0 ,20 ,0 ,30 ,20 ,"6,160 ",10 ,70 ,60 ,80 ,490 ,0 ,"3,060 "
"828,290 ",0 ,0 ,"162,410 ",0 ,"3,530 ",440 ,720 ,0 ,140 ,10 ,10 ,510 ,0 ,10 ,0 ,"3,830 ",0 ,0 ,590 ,0 ,0 ,980 ,20 ,0 ,0 ,0 ,0 ,0 ,0 ,0 ,0 ,0 ,0 ,"69,190 ","8,970 ","2,120 ","2,460 ","24,040 ","17,500 ",10 ,170 ,10 ,"9,910 ","3,540 ","1,880 ",0 ,830 ,0 ,80 ,"1,190 ","2,040 ",0 ,10 ,0 ,0 ,"12,110 ",270 ,"1,920 ",0 ,"5,700 ",90 ,120 ,220 ,380 ,150 ,210 ,890 ,10 ,460 ,220 ,20 ,280 ,20 ,70 ,870 ,450 ,580 ,100 ,280 ,"1,800 ","1,680 ",400 ,520 ,50 ,770 ,10 ,100 ,110 ,30 ,0 ,0 ,10 ,90 ,0 ,"1,770 ",490 ,990 ,360 ,770 ,"1,090 ",220 ,540 ,"2,100 ",280 ,"1,000 ","3,090 ",40 ,810 ,"1,640 ",400 ,"9,360 ","12,400 ",600 ,"19,720 ","53,140 ","17,570 ","32,660 ",250 ,"158,760 ","33,450 ","1,240 ",700 ,"22,480 ","69,060 ",0 ,"31,550 ","2,490 ",150 ,"43,680 ",110 ,"3,450 ","4,490 ","5,520 ",590 ,30 ,30 ,30 ,130 ,20 ,10 ,10 ,100 ,0 ,"15,050 ",0 ,"59,890 ","1,440 ",20 ,"5,440 ","2,190 ","2,020 ",160 ,0 ,0 ,0 ,40 ,480 ,0 ,180 ,190 ,0 ,10 ,50 ,30 ,40 ,20 ,"1,060 ",10 ,40 ,0 ,0 ,0 ,50 ,10 ,0 ,30 ,10 ,20 ,10 ,0 ,10 ,40 ,0 ,0 ,0 ,10 ,0 ,0 ,40 ,0 ,0 ,0 ,0 ,0 ,0 ,0 ,0 ,0 ,0 ,10 ,0 ,0 ,0 ,0 ,30 ,10 ,0 ,0 ,0 ,120 ,10 ,0 ,10 ,10 ,0 ,0 ,360 ,0 ,10 ,10 ,0 ,0 ,60 ,20 ,0 ,0 ,30 ,100 ,460 ,0 ,10 ,30 ,710 ,0 ,20 ,30 ,0 ,10 ,0 ,20 ,10 ,"4,930 ",0 ,50 ,40 ,90 ,480 ,0 ,"2,310 "
"973,600 ",0 ,0 ,"164,390 ",0 ,"3,860 ",590 ,830 ,0 ,180 ,10 ,10 ,520 ,0 ,10 ,0 ,"3,560 ",0 ,0 ,570 ,0 ,0 ,"1,320 ",30 ,0 ,0 ,0 ,0 ,0 ,0 ,0 ,0 ,0 ,0 ,"55,410 ","7,190 ","1,360 ","1,620 ","14,000 ","14,960 ",10 ,100 ,0 ,"5,020 ","1,960 ","1,440 ",0 ,810 ,0 ,60 ,970 ,"1,650 ",0 ,0 ,0 ,0 ,"8,540 ",270 ,"1,200 ",0 ,"3,970 ",40 ,60 ,190 ,280 ,150 ,120 ,710 ,20 ,450 ,190 ,20 ,240 ,10 ,50 ,740 ,310 ,390 ,100 ,220 ,"1,650 ","1,350 ",320 ,430 ,20 ,690 ,20 ,90 ,80 ,30 ,0 ,0 ,10 ,80 ,0 ,"1,630 ",390 ,870 ,240 ,170 ,750 ,170 ,70 ,930 ,230 ,790 ,320 ,30 ,740 ,"1,470 ",210 ,"9,320 ","11,490 ",620 ,"19,510 ","48,530 ","16,480 ","29,750 ",270 ,"122,100 ","16,360 ",400 ,500 ,"17,210 ","47,820 ",0 ,"25,320 ","1,910 ",170 ,"44,680 ",80 ,"5,270 ","3,110 ","5,090 ",410 ,30 ,30 ,10 ,130 ,20 ,0 ,10 ,40 ,0 ,"11,660 ",0 ,"49,680 ","1,450 ",20 ,"5,150 ","2,910 ","1,900 ",120 ,0 ,0 ,10 ,30 ,450 ,0 ,150 ,200 ,0 ,0 ,50 ,40 ,30 ,10 ,990 ,20 ,20 ,0 ,10 ,0 ,20 ,10 ,0 ,30 ,0 ,10 ,0 ,0 ,0 ,50 ,0 ,0 ,0 ,10 ,0 ,0 ,50 ,0 ,0 ,0 ,0 ,0 ,0 ,0 ,0 ,10 ,10 ,10 ,0 ,0 ,0 ,0 ,30 ,10 ,0 ,10 ,0 ,130 ,10 ,0 ,10 ,20 ,0 ,0 ,340 ,0 ,10 ,10 ,0 ,10 ,80 ,0 ,10 ,0 ,40 ,120 ,510 ,10 ,10 ,30 ,640 ,0 ,20 ,30 ,0 ,20 ,0 ,30 ,20 ,"5,720 ",10 ,70 ,80 ,110 ,520 ,0 ,"2,470 "
"773,880 ",0 ,0 ,"190,850 ",0 ,"3,400 ",700 ,920 ,0 ,180 ,10 ,10 ,570 ,0 ,10 ,0 ,"4,060 ",0 ,0 ,690 ,0 ,0 ,"1,550 ",30 ,0 ,0 ,0 ,0 ,0 ,0 ,0 ,0 ,0 ,0 ,"69,920 ","7,930 ","1,730 ","1,930 ","17,340 ","17,760 ",10 ,90 ,0 ,"7,200 ","3,150 ","2,320 ",0 ,"1,210 ",0 ,130 ,"1,660 ","2,400 ",0 ,10 ,0 ,0 ,"7,410 ",150 ,"1,320 ",0 ,"4,220 ",50 ,80 ,200 ,260 ,130 ,130 ,600 ,40 ,470 ,170 ,10 ,230 ,10 ,70 ,870 ,370 ,580 ,140 ,230 ,"1,790 ","1,640 ",390 ,450 ,20 ,580 ,10 ,80 ,70 ,40 ,0 ,0 ,10 ,30 ,0 ,"1,590 ",480 ,"1,610 ",260 ,130 ,810 ,140 ,40 ,890 ,150 ,700 ,210 ,20 ,"1,070 ","1,550 ",210 ,"10,450 ","12,510 ",400 ,"19,530 ","39,470 ","18,400 ","25,400 ",370 ,"134,990 ","17,650 ",450 ,430 ,"17,970 ","40,470 ",0 ,"25,710 ","2,220 ",190 ,"55,220 ",90 ,"7,570 ","4,030 ","5,130 ",620 ,30 ,20 ,20 ,120 ,20 ,10 ,10 ,50 ,0 ,"15,330 ",0 ,"59,810 ","1,690 ",40 ,"5,770 ","2,520 ","2,070 ",140 ,0 ,0 ,0 ,30 ,440 ,0 ,210 ,210 ,0 ,10 ,80 ,40 ,80 ,20 ,"1,080 ",10 ,30 ,0 ,10 ,0 ,0 ,30 ,0 ,20 ,0 ,20 ,0 ,0 ,10 ,50 ,0 ,0 ,0 ,10 ,0 ,10 ,50 ,0 ,0 ,0 ,0 ,0 ,0 ,0 ,0 ,0 ,0 ,10 ,0 ,0 ,0 ,0 ,30 ,0 ,0 ,0 ,10 ,120 ,0 ,0 ,10 ,0 ,0 ,0 ,310 ,0 ,10 ,10 ,0 ,10 ,80 ,10 ,0 ,0 ,10 ,90 ,540 ,0 ,20 ,30 ,750 ,0 ,20 ,40 ,0 ,10 ,0 ,40 ,20 ,"6,230 ",0 ,60 ,80 ,120 ,490 ,0 ,"3,290 "
"734,570 ",0 ,0 ,"157,460 ",0 ,"3,490 ",730 ,"1,060 ",0 ,200 ,10 ,40 ,500 ,0 ,30 ,0 ,"3,900 ",0 ,0 ,680 ,0 ,0 ,"1,580 ",80 ,0 ,0 ,0 ,0 ,0 ,0 ,0 ,0 ,0 ,0 ,"85,520 ","8,960 ","2,090 ","2,590 ","20,380 ","21,960 ",10 ,120 ,0 ,"9,280 ","4,140 ","3,210 ",0 ,"1,740 ",0 ,120 ,"2,420 ","4,050 ",0 ,0 ,0 ,0 ,"8,090 ",220 ,"1,360 ",0 ,"4,230 ",60 ,70 ,300 ,330 ,120 ,180 ,700 ,30 ,720 ,270 ,20 ,270 ,10 ,100 ,"1,190 ",510 ,920 ,240 ,350 ,"3,390 ","2,000 ",570 ,560 ,20 ,660 ,0 ,80 ,160 ,40 ,0 ,0 ,20 ,40 ,0 ,"1,720 ",390 ,950 ,290 ,350 ,650 ,490 ,50 ,"2,480 ",150 ,710 ,310 ,40 ,"1,440 ","1,790 ",230 ,"8,790 ","14,600 ",570 ,"21,470 ","48,110 ","17,520 ","36,430 ",400 ,"166,570 ","19,360 ",580 ,520 ,"15,650 ","45,910 ",0 ,"31,660 ","3,110 ",220 ,"64,820 ",150 ,"6,880 ","6,010 ","6,460 ",810 ,20 ,40 ,30 ,130 ,20 ,0 ,0 ,60 ,0 ,"20,230 ",0 ,"74,770 ","1,780 ",50 ,"5,860 ","2,380 ","2,910 ",180 ,0 ,0 ,10 ,30 ,520 ,10 ,210 ,200 ,0 ,10 ,120 ,50 ,40 ,20 ,"1,420 ",20 ,30 ,0 ,0 ,0 ,10 ,40 ,0 ,20 ,10 ,20 ,10 ,0 ,10 ,60 ,0 ,0 ,0 ,10 ,10 ,0 ,60 ,0 ,0 ,0 ,0 ,0 ,0 ,0 ,0 ,10 ,0 ,20 ,0 ,0 ,0 ,0 ,40 ,10 ,10 ,0 ,10 ,150 ,10 ,0 ,10 ,0 ,0 ,0 ,370 ,0 ,10 ,30 ,0 ,0 ,90 ,10 ,0 ,0 ,40 ,100 ,750 ,10 ,20 ,40 ,930 ,0 ,30 ,40 ,0 ,10 ,0 ,40 ,30 ,"5,910 ",10 ,110 ,90 ,120 ,560 ,0 ,"1,630 "
"1,056,000 ",0 ,0 ,"193,340 ",0 ,"4,240 ",850 ,"1,600 ",0 ,210 ,0 ,10 ,490 ,0 ,10 ,0 ,"5,360 ",0 ,0 ,680 ,0 ,0 ,"1,760 ",70 ,0 ,0 ,0 ,0 ,0 ,0 ,0 ,0 ,0 ,0 ,"91,870 ","13,970 ","2,060 ","2,350 ","21,130 ","21,650 ",10 ,100 ,10 ,"8,570 ","4,590 ","3,390 ",0 ,"2,110 ",0 ,120 ,"2,510 ","4,420 ",0 ,10 ,0 ,0 ,"9,700 ",270 ,"1,980 ",0 ,"5,130 ",70 ,120 ,280 ,460 ,170 ,200 ,930 ,20 ,730 ,330 ,30 ,360 ,10 ,140 ,"1,370 ",720 ,830 ,210 ,370 ,"3,020 ","2,250 ",710 ,610 ,40 ,"1,080 ",10 ,130 ,180 ,30 ,0 ,0 ,30 ,60 ,0 ,"2,330 ",300 ,"1,390 ",370 ,220 ,830 ,360 ,50 ,"4,150 ",210 ,990 ,290 ,60 ,"1,670 ","2,280 ",340 ,"9,400 ","18,610 ",910 ,"26,640 ","64,380 ","22,460 ","50,100 ",490 ,"202,970 ","26,380 ",920 ,860 ,"14,710 ","45,670 ",0 ,"36,580 ","3,510 ",510 ,"68,450 ",230 ,"4,630 ","5,970 ","8,750 ",980 ,30 ,50 ,30 ,250 ,40 ,20 ,10 ,90 ,0 ,"23,950 ",0 ,"82,390 ","1,600 ",50 ,"7,670 ","2,260 ","3,710 ",210 ,0 ,0 ,10 ,40 ,660 ,10 ,180 ,240 ,0 ,10 ,80 ,40 ,60 ,40 ,"1,870 ",20 ,30 ,0 ,10 ,0 ,20 ,10 ,0 ,50 ,10 ,30 ,10 ,0 ,10 ,50 ,0 ,0 ,0 ,20 ,10 ,10 ,90 ,0 ,0 ,0 ,0 ,0 ,0 ,0 ,0 ,0 ,0 ,30 ,0 ,0 ,0 ,10 ,80 ,10 ,0 ,0 ,10 ,200 ,10 ,0 ,30 ,0 ,0 ,0 ,770 ,0 ,10 ,40 ,0 ,0 ,130 ,30 ,0 ,0 ,80 ,240 ,"1,350 ",10 ,20 ,60 ,"1,440 ",0 ,40 ,30 ,0 ,10 ,0 ,80 ,30 ,"8,610 ",10 ,130 ,140 ,180 ,900 ,0 ,500 
"807,880 ",0 ,0 ,"170,600 ",0 ,"4,020 ",530 ,650 ,0 ,170 ,0 ,10 ,440 ,0 ,0 ,0 ,"6,360 ",0 ,0 ,830 ,0 ,0 ,"1,630 ",20 ,0 ,0 ,0 ,0 ,0 ,0 ,0 ,0 ,0 ,0 ,"123,640 ","14,310 ","3,500 ","3,010 ","27,690 ","34,530 ",40 ,170 ,0 ,"11,350 ","7,340 ","5,640 ",0 ,"3,410 ",0 ,180 ,"4,290 ","10,960 ",0 ,10 ,0 ,0 ,"14,020 ",480 ,"2,180 ",10 ,"5,960 ",80 ,260 ,490 ,"1,010 ",400 ,390 ,"1,450 ",50 ,"1,310 ",500 ,50 ,650 ,20 ,180 ,"2,090 ",700 ,"1,590 ",360 ,540 ,"4,340 ","4,460 ","1,110 ",870 ,20 ,860 ,10 ,120 ,90 ,50 ,0 ,0 ,30 ,30 ,0 ,"1,950 ",320 ,"1,640 ",370 ,170 ,910 ,140 ,30 ,"1,550 ",140 ,"1,040 ",160 ,20 ,"1,060 ","1,970 ",320 ,"8,590 ","21,230 ",380 ,"25,730 ","39,660 ","18,720 ","18,170 ",270 ,"157,800 ","20,510 ",500 ,850 ,"22,080 ","49,320 ",0 ,"39,070 ","4,010 ",430 ,"73,240 ",130 ,"8,530 ","5,910 ","7,970 ",550 ,50 ,40 ,40 ,250 ,40 ,10 ,0 ,90 ,0 ,"24,240 ",0 ,"93,630 ","2,440 ",70 ,"8,990 ","2,730 ","3,400 ",150 ,0 ,0 ,10 ,90 ,630 ,0 ,210 ,250 ,0 ,0 ,120 ,40 ,80 ,20 ,"1,920 ",10 ,50 ,0 ,10 ,0 ,10 ,20 ,0 ,20 ,0 ,30 ,10 ,0 ,10 ,60 ,0 ,0 ,0 ,10 ,0 ,0 ,80 ,0 ,0 ,0 ,0 ,0 ,0 ,0 ,0 ,0 ,0 ,20 ,0 ,0 ,0 ,0 ,40 ,10 ,0 ,0 ,0 ,150 ,10 ,0 ,10 ,0 ,0 ,0 ,370 ,0 ,10 ,20 ,0 ,10 ,130 ,10 ,0 ,0 ,40 ,120 ,900 ,10 ,10 ,30 ,"1,530 ",0 ,50 ,60 ,0 ,10 ,0 ,80 ,30 ,"11,530 ",0 ,100 ,70 ,180 ,820 ,0 ,310 
"527,820 ",0 ,0 ,"126,690 ",0 ,"2,630 ",420 ,630 ,0 ,80 ,0 ,10 ,360 ,0 ,10 ,0 ,"3,820 ",0 ,0 ,610 ,0 ,0 ,"1,050 ",40 ,0 ,0 ,0 ,0 ,0 ,0 ,0 ,0 ,0 ,0 ,"91,390 ","8,600 ","2,210 ","2,200 ","21,350 ","21,990 ",10 ,90 ,10 ,"7,410 ","4,820 ","3,920 ",0 ,"1,790 ",0 ,130 ,"2,120 ","4,780 ",0 ,10 ,0 ,0 ,"8,070 ",250 ,"1,300 ",0 ,"3,890 ",50 ,190 ,390 ,530 ,210 ,360 ,930 ,20 ,750 ,390 ,50 ,510 ,20 ,110 ,"1,570 ",510 ,"1,080 ",240 ,370 ,"3,360 ","2,330 ",740 ,670 ,20 ,610 ,0 ,100 ,80 ,20 ,0 ,0 ,20 ,20 ,0 ,"1,440 ",280 ,"1,320 ",300 ,120 ,610 ,120 ,10 ,"1,140 ",120 ,880 ,160 ,20 ,820 ,"1,070 ",200 ,"6,060 ","9,880 ",380 ,"14,250 ","21,820 ","12,040 ","13,010 ",150 ,"56,150 ","16,240 ",250 ,390 ,"15,220 ","39,120 ",0 ,"28,470 ","2,390 ",290 ,"50,120 ",90 ,"6,650 ","4,170 ","5,090 ",490 ,40 ,30 ,20 ,170 ,20 ,0 ,0 ,50 ,0 ,"21,770 ",0 ,"77,150 ","2,250 ",30 ,"5,660 ","3,350 ","2,220 ",130 ,0 ,0 ,10 ,40 ,520 ,0 ,220 ,240 ,0 ,0 ,60 ,60 ,40 ,30 ,"1,200 ",20 ,50 ,0 ,0 ,0 ,10 ,10 ,0 ,40 ,10 ,30 ,0 ,0 ,0 ,80 ,0 ,0 ,0 ,0 ,10 ,0 ,60 ,0 ,0 ,0 ,0 ,0 ,0 ,0 ,0 ,0 ,0 ,20 ,0 ,0 ,0 ,0 ,20 ,0 ,0 ,0 ,10 ,70 ,10 ,0 ,10 ,0 ,0 ,0 ,320 ,0 ,10 ,10 ,0 ,0 ,50 ,10 ,0 ,0 ,30 ,50 ,560 ,0 ,0 ,30 ,830 ,0 ,10 ,30 ,0 ,10 ,0 ,40 ,20 ,"5,040 ",0 ,40 ,40 ,80 ,450 ,0 ,590 
"247,510 ",0 ,0 ,"87,620 ",0 ,"1,740 ",290 ,390 ,0 ,60 ,0 ,0 ,190 ,0 ,0 ,0 ,"2,780 ",0 ,0 ,420 ,0 ,0 ,720 ,10 ,0 ,0 ,0 ,0 ,0 ,0 ,0 ,0 ,0 ,0 ,"88,900 ","8,900 ","2,420 ","2,180 ","18,140 ","27,290 ",20 ,100 ,10 ,"7,880 ","5,400 ","3,650 ",0 ,"1,690 ",0 ,110 ,"2,550 ","4,370 ",0 ,10 ,0 ,0 ,"6,070 ",300 ,"1,120 ",0 ,"4,240 ",50 ,130 ,280 ,400 ,120 ,220 ,770 ,10 ,590 ,240 ,30 ,360 ,10 ,100 ,"1,430 ",410 ,780 ,180 ,330 ,"2,420 ","2,060 ",550 ,560 ,20 ,280 ,0 ,40 ,40 ,20 ,0 ,0 ,0 ,20 ,0 ,330 ,90 ,"1,050 ",150 ,30 ,320 ,690 ,30 ,270 ,50 ,670 ,400 ,10 ,610 ,680 ,140 ,"4,830 ","8,010 ",250 ,"10,650 ","16,160 ","8,650 ","13,950 ",280 ,"38,670 ","10,210 ",250 ,100 ,"7,970 ","27,620 ",0 ,"8,480 ","1,380 ",130 ,"27,710 ",50 ,"2,990 ","2,270 ","3,460 ",200 ,20 ,30 ,30 ,110 ,20 ,10 ,0 ,30 ,0 ,"23,220 ",0 ,"60,770 ","2,160 ",30 ,"4,790 ","3,120 ","1,430 ",100 ,0 ,0 ,10 ,30 ,320 ,0 ,490 ,110 ,0 ,0 ,50 ,30 ,30 ,10 ,"1,160 ",10 ,20 ,0 ,10 ,0 ,10 ,40 ,0 ,20 ,0 ,10 ,0 ,0 ,0 ,60 ,0 ,0 ,0 ,0 ,10 ,10 ,40 ,0 ,0 ,0 ,0 ,0 ,0 ,0 ,0 ,0 ,0 ,10 ,0 ,0 ,0 ,0 ,10 ,0 ,0 ,0 ,0 ,70 ,0 ,0 ,0 ,10 ,0 ,0 ,150 ,0 ,0 ,10 ,0 ,0 ,30 ,0 ,0 ,0 ,10 ,50 ,310 ,0 ,10 ,10 ,520 ,0 ,0 ,20 ,0 ,10 ,0 ,20 ,10 ,"4,320 ",0 ,60 ,30 ,50 ,250 ,0 ,630 
"3,480 ",0 ,0 ,"1,860 ",0 ,10 ,0 ,0 ,0 ,0 ,0 ,0 ,40 ,0 ,0 ,0 ,220 ,0 ,0 ,0 ,0 ,0 ,0 ,0 ,0 ,0 ,0 ,0 ,0 ,0 ,0 ,0 ,0 ,0 ,"10,120 ","1,310 ",110 ,430 ,"4,570 ","7,040 ",0 ,10 ,0 ,"1,590 ",730 ,270 ,0 ,240 ,0 ,20 ,310 ,"1,110 ",0 ,0 ,0 ,0 ,"1,440 ",30 ,90 ,0 ,920 ,0 ,0 ,40 ,50 ,10 ,50 ,140 ,10 ,80 ,50 ,0 ,60 ,0 ,10 ,340 ,130 ,110 ,30 ,60 ,340 ,30 ,90 ,80 ,0 ,30 ,0 ,10 ,0 ,0 ,0 ,0 ,0 ,0 ,0 ,250 ,10 ,130 ,0 ,110 ,0 ,10 ,0 ,0 ,0 ,40 ,0 ,0 ,0 ,20 ,0 ,230 ,10 ,40 ,"1,210 ","1,540 ",830 ,400 ,10 ,"3,690 ",740 ,0 ,20 ,"1,480 ","2,380 ",0 ,"6,360 ",0 ,70 ,100 ,0 ,10 ,260 ,10 ,10 ,0 ,0 ,0 ,10 ,0 ,0 ,0 ,0 ,0 ,"1,470 ",0 ,"1,940 ",300 ,0 ,"1,030 ",240 ,20 ,10 ,0 ,0 ,0 ,0 ,120 ,0 ,50 ,0 ,0 ,0 ,0 ,0 ,0 ,0 ,180 ,0 ,0 ,0 ,0 ,0 ,0 ,0 ,0 ,0 ,0 ,0 ,0 ,0 ,0 ,0 ,0 ,0 ,0 ,0 ,0 ,0 ,0 ,0 ,0 ,0 ,0 ,0 ,0 ,0 ,0 ,0 ,0 ,0 ,0 ,0 ,0 ,0 ,0 ,0 ,0 ,0 ,0 ,0 ,0 ,0 ,0 ,0 ,0 ,0 ,10 ,0 ,0 ,0 ,0 ,0 ,0 ,0 ,0 ,0 ,0 ,0 ,10 ,0 ,0 ,0 ,0 ,0 ,0 ,0 ,0 ,0 ,0 ,0 ,0 ,330 ,0 ,0 ,0 ,0 ,0 ,0 ,130 
"5,050 ",0 ,0 ,"3,140 ",0 ,140 ,30 ,0 ,0 ,0 ,0 ,0 ,30 ,0 ,0 ,0 ,120 ,0 ,0 ,0 ,0 ,0 ,0 ,0 ,0 ,0 ,0 ,0 ,0 ,0 ,0 ,0 ,0 ,0 ,"3,380 ",530 ,40 ,100 ,"1,100 ","1,200 ",0 ,0 ,0 ,310 ,130 ,130 ,0 ,80 ,0 ,0 ,90 ,210 ,0 ,0 ,0 ,0 ,770 ,0 ,70 ,0 ,270 ,0 ,10 ,20 ,30 ,10 ,40 ,110 ,0 ,40 ,10 ,0 ,20 ,10 ,10 ,60 ,90 ,20 ,20 ,30 ,110 ,90 ,30 ,50 ,0 ,10 ,0 ,0 ,0 ,0 ,0 ,0 ,0 ,10 ,0 ,260 ,10 ,40 ,60 ,40 ,90 ,10 ,0 ,640 ,0 ,110 ,0 ,0 ,10 ,30 ,0 ,540 ,30 ,20 ,480 ,670 ,280 ,270 ,10 ,"4,200 ",860 ,0 ,40 ,"1,480 ",460 ,0 ,"2,050 ",160 ,0 ,"1,650 ",0 ,10 ,70 ,550 ,10 ,0 ,0 ,0 ,10 ,0 ,0 ,0 ,0 ,0 ,310 ,0 ,"1,150 ",70 ,0 ,410 ,20 ,180 ,10 ,0 ,0 ,0 ,0 ,0 ,0 ,10 ,0 ,0 ,0 ,0 ,0 ,0 ,0 ,80 ,0 ,0 ,0 ,0 ,0 ,0 ,0 ,0 ,0 ,0 ,0 ,0 ,0 ,0 ,0 ,0 ,0 ,0 ,0 ,0 ,0 ,0 ,0 ,0 ,0 ,0 ,0 ,0 ,0 ,0 ,0 ,0 ,0 ,0 ,0 ,0 ,0 ,0 ,0 ,0 ,0 ,0 ,0 ,0 ,0 ,0 ,0 ,0 ,0 ,0 ,0 ,0 ,0 ,0 ,0 ,0 ,0 ,0 ,0 ,0 ,0 ,0 ,0 ,0 ,0 ,0 ,0 ,0 ,0 ,0 ,0 ,0 ,0 ,0 ,180 ,0 ,0 ,0 ,0 ,0 ,0 ,100 
"7,280 ",0 ,0 ,"3,620 ",0 ,220 ,20 ,100 ,0 ,0 ,0 ,0 ,20 ,0 ,0 ,0 ,10 ,0 ,0 ,10 ,0 ,0 ,10 ,0 ,0 ,0 ,0 ,0 ,0 ,0 ,0 ,0 ,0 ,0 ,"2,820 ",420 ,70 ,150 ,"1,230 ",990 ,0 ,0 ,0 ,280 ,170 ,160 ,0 ,90 ,0 ,10 ,150 ,230 ,0 ,0 ,0 ,0 ,690 ,10 ,100 ,0 ,410 ,20 ,30 ,50 ,70 ,20 ,40 ,100 ,0 ,70 ,20 ,10 ,100 ,0 ,10 ,70 ,100 ,60 ,30 ,50 ,200 ,180 ,50 ,130 ,0 ,70 ,0 ,0 ,0 ,0 ,0 ,0 ,0 ,0 ,0 ,300 ,10 ,70 ,10 ,10 ,30 ,10 ,0 ,630 ,0 ,180 ,0 ,0 ,90 ,70 ,0 ,660 ,250 ,10 ,540 ,400 ,460 ,380 ,0 ,"4,160 ",780 ,40 ,240 ,900 ,620 ,0 ,"1,290 ",200 ,20 ,"2,010 ",0 ,510 ,290 ,180 ,10 ,0 ,0 ,10 ,10 ,0 ,0 ,0 ,0 ,0 ,500 ,0 ,"1,320 ",110 ,0 ,730 ,200 ,210 ,10 ,0 ,0 ,0 ,10 ,90 ,0 ,10 ,0 ,0 ,0 ,0 ,0 ,0 ,0 ,80 ,0 ,0 ,0 ,0 ,0 ,0 ,0 ,0 ,0 ,0 ,0 ,0 ,0 ,0 ,0 ,0 ,0 ,0 ,0 ,0 ,0 ,0 ,0 ,0 ,0 ,0 ,0 ,0 ,0 ,0 ,0 ,0 ,0 ,0 ,0 ,0 ,0 ,0 ,0 ,0 ,0 ,0 ,0 ,0 ,0 ,0 ,0 ,0 ,0 ,0 ,0 ,0 ,0 ,0 ,0 ,0 ,0 ,0 ,0 ,0 ,0 ,10 ,0 ,0 ,0 ,150 ,0 ,0 ,0 ,0 ,0 ,0 ,0 ,0 ,390 ,0 ,0 ,0 ,10 ,20 ,0 ,80 
"12,310 ",0 ,0 ,"3,790 ",0 ,130 ,40 ,0 ,0 ,0 ,0 ,0 ,0 ,0 ,0 ,0 ,60 ,0 ,0 ,0 ,0 ,0 ,10 ,0 ,0 ,0 ,0 ,0 ,0 ,0 ,0 ,0 ,0 ,0 ,"3,640 ",710 ,90 ,180 ,"1,890 ","1,440 ",0 ,0 ,0 ,430 ,230 ,220 ,0 ,120 ,0 ,10 ,160 ,240 ,0 ,0 ,0 ,0 ,"1,050 ",30 ,100 ,0 ,620 ,20 ,50 ,50 ,70 ,40 ,140 ,190 ,10 ,90 ,30 ,10 ,120 ,0 ,10 ,100 ,90 ,60 ,20 ,50 ,280 ,190 ,60 ,180 ,0 ,150 ,0 ,10 ,0 ,10 ,0 ,0 ,0 ,0 ,0 ,260 ,20 ,70 ,20 ,10 ,320 ,40 ,0 ,30 ,0 ,190 ,0 ,0 ,130 ,180 ,50 ,230 ,680 ,20 ,"1,210 ","2,240 ",590 ,430 ,10 ,"6,610 ",690 ,50 ,270 ,740 ,720 ,0 ,"1,420 ",180 ,20 ,"5,490 ",10 ,320 ,430 ,250 ,20 ,0 ,10 ,10 ,10 ,0 ,0 ,0 ,0 ,0 ,680 ,0 ,"1,490 ",40 ,0 ,400 ,20 ,190 ,20 ,0 ,0 ,0 ,0 ,20 ,0 ,10 ,10 ,0 ,0 ,0 ,0 ,0 ,10 ,170 ,0 ,0 ,0 ,0 ,0 ,0 ,0 ,0 ,0 ,0 ,0 ,0 ,0 ,0 ,10 ,0 ,0 ,0 ,0 ,0 ,0 ,0 ,0 ,0 ,0 ,0 ,0 ,0 ,0 ,0 ,0 ,0 ,0 ,0 ,0 ,0 ,0 ,0 ,0 ,0 ,0 ,0 ,0 ,0 ,0 ,0 ,0 ,0 ,0 ,10 ,0 ,0 ,0 ,0 ,0 ,0 ,0 ,0 ,0 ,0 ,10 ,10 ,0 ,0 ,0 ,10 ,0 ,0 ,0 ,0 ,0 ,0 ,10 ,0 ,130 ,0 ,10 ,0 ,10 ,40 ,0 ,130 
"14,330 ",0 ,0 ,"4,130 ",0 ,120 ,0 ,0 ,0 ,0 ,0 ,0 ,10 ,0 ,0 ,0 ,40 ,0 ,0 ,0 ,0 ,0 ,0 ,0 ,0 ,0 ,0 ,0 ,0 ,0 ,0 ,0 ,0 ,0 ,"3,010 ",600 ,60 ,140 ,"1,400 ",990 ,0 ,0 ,0 ,380 ,80 ,90 ,0 ,60 ,0 ,0 ,50 ,150 ,0 ,0 ,0 ,0 ,630 ,20 ,70 ,0 ,350 ,10 ,20 ,30 ,50 ,20 ,50 ,110 ,10 ,70 ,10 ,10 ,40 ,10 ,10 ,90 ,40 ,50 ,20 ,20 ,170 ,220 ,40 ,160 ,10 ,140 ,0 ,10 ,10 ,0 ,0 ,0 ,0 ,10 ,0 ,260 ,30 ,90 ,30 ,20 ,100 ,10 ,0 ,490 ,10 ,180 ,10 ,0 ,290 ,220 ,50 ,780 ,920 ,10 ,910 ,"1,520 ",790 ,420 ,60 ,"9,690 ",360 ,10 ,300 ,820 ,710 ,0 ,"1,230 ",300 ,20 ,"6,540 ",10 ,460 ,750 ,950 ,30 ,10 ,0 ,10 ,20 ,0 ,0 ,0 ,10 ,0 ,540 ,0 ,"1,160 ",70 ,0 ,430 ,70 ,50 ,10 ,0 ,0 ,0 ,0 ,30 ,0 ,10 ,10 ,0 ,0 ,0 ,0 ,0 ,0 ,80 ,0 ,0 ,0 ,0 ,0 ,0 ,0 ,0 ,0 ,0 ,0 ,0 ,0 ,0 ,10 ,0 ,0 ,0 ,0 ,0 ,0 ,0 ,0 ,0 ,0 ,0 ,0 ,0 ,0 ,0 ,0 ,0 ,0 ,0 ,0 ,0 ,0 ,0 ,0 ,0 ,0 ,0 ,10 ,0 ,0 ,0 ,0 ,0 ,0 ,10 ,0 ,0 ,0 ,0 ,0 ,10 ,0 ,0 ,0 ,0 ,20 ,100 ,0 ,10 ,0 ,290 ,0 ,10 ,0 ,0 ,0 ,0 ,10 ,0 ,170 ,0 ,10 ,10 ,10 ,20 ,0 ,180 
"11,740 ",0 ,0 ,"3,410 ",0 ,70 ,0 ,290 ,0 ,0 ,0 ,0 ,30 ,0 ,0 ,0 ,70 ,0 ,0 ,0 ,0 ,0 ,10 ,0 ,0 ,0 ,0 ,0 ,0 ,0 ,0 ,0 ,0 ,0 ,"1,840 ",360 ,30 ,60 ,820 ,530 ,0 ,0 ,0 ,170 ,60 ,40 ,0 ,30 ,0 ,0 ,30 ,80 ,0 ,0 ,0 ,0 ,440 ,10 ,50 ,0 ,210 ,0 ,10 ,20 ,30 ,0 ,30 ,70 ,0 ,50 ,10 ,0 ,20 ,0 ,10 ,40 ,50 ,20 ,10 ,20 ,80 ,140 ,20 ,90 ,0 ,70 ,0 ,10 ,10 ,0 ,0 ,0 ,0 ,0 ,0 ,140 ,30 ,50 ,30 ,10 ,60 ,10 ,0 ,230 ,10 ,120 ,0 ,0 ,0 ,170 ,0 ,720 ,"1,180 ",10 ,590 ,"1,040 ",780 ,250 ,20 ,"9,080 ",340 ,10 ,300 ,650 ,540 ,0 ,860 ,320 ,0 ,"6,080 ",10 ,610 ,550 ,790 ,40 ,0 ,0 ,0 ,10 ,10 ,0 ,0 ,10 ,0 ,300 ,0 ,800 ,50 ,0 ,350 ,110 ,470 ,10 ,0 ,0 ,0 ,0 ,20 ,0 ,20 ,20 ,0 ,0 ,0 ,0 ,0 ,0 ,50 ,0 ,0 ,0 ,0 ,0 ,0 ,0 ,0 ,0 ,0 ,0 ,0 ,0 ,0 ,0 ,0 ,0 ,0 ,0 ,0 ,0 ,0 ,0 ,0 ,0 ,0 ,0 ,0 ,0 ,0 ,0 ,0 ,0 ,0 ,0 ,0 ,0 ,0 ,0 ,0 ,0 ,0 ,20 ,0 ,0 ,0 ,0 ,0 ,0 ,60 ,0 ,0 ,0 ,0 ,0 ,0 ,0 ,0 ,0 ,0 ,10 ,40 ,0 ,0 ,0 ,60 ,0 ,0 ,0 ,0 ,0 ,0 ,0 ,0 ,140 ,0 ,10 ,0 ,20 ,50 ,0 ,270 
"11,860",0,0,"3,330",0,130,30,160,0,10,0,0,20,0,0,0,210,0,0,220,0,0,70,0,0,0,0,0,0,0,0,0,0,0,"1,320",240,30,60,610,360,0,0,0,150,30,30,0,40,0,0,30,70,0,0,0,0,320,10,40,0,120,0,10,20,20,0,40,40,0,40,10,0,10,0,0,20,30,20,10,20,70,100,20,70,0,60,0,10,10,0,0,0,0,0,0,150,50,50,40,10,30,20,10,240,0,80,10,0,120,110,50,260,880,0,570,"1,030",770,280,30,"9,280",340,10,20,540,490,0,790,320,20,"5,070",10,810,540,40,80,0,0,10,10,0,0,0,10,0,300,0,960,70,0,310,90,210,20,0,0,0,0,20,0,10,10,0,0,0,0,0,0,40,0,0,0,0,0,0,0,0,0,0,0,0,0,0,10,0,0,0,0,0,0,0,0,0,0,0,0,0,0,0,0,0,0,0,0,0,0,0,0,0,0,0,20,0,0,0,0,0,0,70,0,0,0,0,0,0,0,0,0,0,20,60,0,0,10,70,0,0,0,0,0,0,0,0,230,0,10,10,10,50,0,"1,050"
"10,950",0,0,"3,400",0,110,0,20,0,40,0,0,20,0,0,0,110,0,0,40,0,0,110,0,0,0,0,0,0,0,0,0,0,0,"1,120",250,20,40,440,230,0,0,0,100,30,50,0,30,0,0,50,60,0,0,0,0,260,0,80,0,90,10,0,20,30,10,10,50,0,40,0,0,30,0,0,10,30,10,10,10,40,70,10,60,0,60,0,10,10,0,0,0,0,0,0,90,30,30,10,20,60,30,0,270,10,80,10,0,150,150,20,450,970,20,560,890,760,510,50,"9,130",530,30,20,450,600,0,680,280,0,"5,970",10,570,500,290,90,0,0,0,10,0,0,0,10,0,340,0,890,90,0,370,140,310,20,0,0,0,0,30,0,10,10,0,0,0,0,0,10,60,0,0,0,0,0,0,0,0,10,0,0,0,0,0,0,0,0,0,0,0,0,0,0,0,0,0,0,0,0,0,0,0,0,0,0,0,0,0,0,0,0,0,30,0,0,0,0,0,0,60,0,0,0,0,0,10,0,0,0,0,10,50,0,0,10,50,0,10,0,0,0,0,0,10,230,0,10,10,20,70,0,100
