,Australia,Norfolk Island,Australian External Territories nec,New Zealand,New Caledonia,Papua New Guinea,Solomon Islands,Vanuatu,Guam,Kiribati,Marshall Islands,Micronesia Federated States of,Nauru,N Mariana Island,Palau,Cook Islands,Fiji,French Polynesia,Niue,Samoa,Samoa American,Tokelau,Tonga,Tuvalu,Wallis/Futuna,Pitcairn Island,"Polynesia, nec",Adelie Land,Argentinian A T,Australian A T,British A T,Chilean A T,Queen Maud Land (Norway),Ross Dependency,United Kingdom Channel Islands and Isle of Man,Ireland,Austria,Belgium,France,Germany,Liechtenstein,Luxembourg,Monaco,Netherlands,Switzerland,Denmark,Faroe Islands,Finland,Greenland,Iceland,Norway,Sweden,Aland Islands,Andorra,Gibraltar,Holy See,Italy,Malta,Portugal,San Marino,Spain,Albania,Bosnia and Herzegovina,Bulgaria,Croatia,Cyprus,North Macedonia,Greece,Moldova,Romania,Slovenia,Montenegro,Serbia,Kosovo,Belarus,Czech Republic,Estonia,Hungary,Latvia,Lithuania,Poland,Russian Federation,Slovakia,Ukraine,Algeria,Egypt,Libya,Morocco,Sudan,Tunisia,Western Sahara,Sp North Africa,South Sudan,Bahrain,Gaza Str/W Bank,Iran,Iraq,Israel,Jordan,Kuwait,Lebanon,Oman,Qatar,Saudi Arabia,Syria,Turkey,United Arab Emirates,Yemen,Myanmar (Republic of the Union of Myanmar),Cambodia,Laos,Thailand,Vietnam,Brunei Darussalam,Indonesia,Malaysia,Philippines,Singapore,Timor-Leste,China (excludes SARs and Taiwan),Hong Kong (SAR of China),Macau (SAR of China),Mongolia,Taiwan,Japan,Korea Democratic People's Republic of (North),Korea Republic of (South),Bangladesh,Bhutan,India,Maldives,Nepal,Pakistan,Sri Lanka,Afghanistan,Armenia,Azerbaijan,Georgia,Kazakhstan,Kyrgyzstan,Tajikistan,Turkmenistan,Uzbekistan,Bermuda,Canada,St Pierre/Mique,United States of America,Argentina,Bolivia Plurinational State of,Brazil,Chile,Colombia,Ecuador,Falkland Islands,French Guiana,Guyana,Paraguay,Peru,Suriname,Uruguay,Venezuela Bolivarian republic of,"S America, nec",Belize,Costa Rica,El Salvador,Guatemala,Honduras,Mexico,Nicaragua,Panama,Anguilla,Antigua and Barbuda,Aruba,Bahamas,Barbados,Cayman Islands,Cuba,Dominica,Dominican Republic,Grenada,Guadeloupe,Haiti,Jamaica,Martinique,Montserrat,Puerto Rico,St Kitts and Nevis,St Lucia,St Vincent and the Grenadines,Trinidad and Tobago,Turks and Caicos Islands,"Virgin Islands, British","Virgin Islands, US",St Barthelemy,St Martin (Fr),Bonaire/SE/Saba,Curacao,Sint Maarten (Dutch part),Benin,Burkina Faso,Cameroon,Cabo Verde,Central African Republic,Chad,Congo Republic of,Congo Democratic Republic of,CÃ´te d'Ivoire,Equatorial Guinea,Gabon,Gambia,Ghana,Guinea,Guinea-Bissau,Liberia,Mali,Mauritania,Niger,Nigeria,Sao Tome/Principe,Senegal,Sierra Leone,Togo,Angola,Botswana,Burundi,Comoros,Djibouti,Eritrea,Ethiopia,Kenya,Lesotho,Madagascar,Malawi,Mauritius,Mayotte,Mozambique,Namibia,Reunion,Rwanda,St Helena,Seychelles,Somalia,South Africa,Eswatini,Tanzania,Uganda,Zambia,Zimbabwe,"S & E Afr, nec",Inadequately Described
Sep-2016,"788,680 ",0 ,0 ,"166,800 ",0 ,"3,420 ",550 ,470 ,0 ,70 ,10 ,10 ,400 ,0 ,0 ,0 ,"3,340 ",0 ,0 ,460 ,0 ,0 ,940 ,20 ,0 ,0 ,0 ,0 ,0 ,0 ,0 ,0 ,0 ,0 ,"71,670 ","9,300 ","1,710 ","2,060 ","14,950 ","20,040 ",10 ,60 ,10 ,"6,920 ","3,600 ","2,090 ",0 ,"1,220 ",0 ,60 ,"1,320 ","2,840 ",0 ,10 ,0 ,0 ,"9,580 ",270 ,"1,400 ",0 ,"4,180 ",100 ,160 ,220 ,320 ,140 ,290 ,950 ,20 ,450 ,210 ,20 ,320 ,30 ,80 ,940 ,530 ,580 ,100 ,230 ,"1,800 ","1,390 ",480 ,470 ,20 ,670 ,10 ,60 ,80 ,40 ,0 ,0 ,60 ,40 ,0 ,"2,130 ","1,150 ","1,280 ",300 ,150 ,990 ,110 ,40 ,790 ,"1,180 ","1,010 ",260 ,20 ,790 ,"1,080 ",240 ,"7,870 ","7,490 ",370 ,"15,630 ","53,350 ","13,120 ","31,580 ",200 ,"103,400 ","12,500 ",360 ,260 ,"16,130 ","37,980 ",0 ,"23,360 ","2,080 ",150 ,"32,430 ",90 ,"2,540 ","3,110 ","4,720 ",880 ,30 ,40 ,20 ,130 ,20 ,10 ,0 ,70 ,0 ,"12,590 ",0 ,"43,710 ","1,480 ",30 ,"4,880 ","2,010 ","1,470 ",110 ,0 ,0 ,0 ,20 ,420 ,0 ,130 ,350 ,0 ,0 ,60 ,40 ,30 ,20 ,980 ,10 ,20 ,0 ,10 ,0 ,0 ,10 ,0 ,20 ,0 ,30 ,0 ,0 ,10 ,40 ,0 ,0 ,0 ,10 ,10 ,0 ,40 ,0 ,0 ,0 ,0 ,0 ,0 ,0 ,0 ,0 ,10 ,20 ,0 ,0 ,0 ,10 ,40 ,10 ,0 ,0 ,0 ,140 ,10 ,0 ,30 ,10 ,0 ,10 ,310 ,0 ,10 ,20 ,0 ,10 ,30 ,20 ,0 ,0 ,40 ,140 ,550 ,20 ,20 ,20 ,720 ,0 ,10 ,20 ,0 ,0 ,0 ,50 ,30 ,"5,730 ",0 ,80 ,50 ,100 ,490 ,0 ,"2,280 "
Oct-2016,"907,430 ",0 ,0 ,"176,580 ",0 ,"3,300 ",500 ,570 ,0 ,100 ,10 ,10 ,380 ,0 ,0 ,0 ,"3,350 ",0 ,0 ,520 ,0 ,0 ,940 ,30 ,0 ,0 ,0 ,0 ,0 ,0 ,0 ,0 ,0 ,0 ,"90,610 ","9,760 ","2,510 ","2,700 ","19,740 ","26,820 ",10 ,50 ,0 ,"9,200 ","4,990 ","3,320 ",0 ,"1,840 ",0 ,100 ,"1,790 ","4,510 ",0 ,0 ,0 ,0 ,"9,740 ",220 ,"1,340 ",10 ,"5,120 ",40 ,120 ,220 ,400 ,170 ,300 ,970 ,20 ,570 ,290 ,30 ,310 ,10 ,80 ,"1,090 ",600 ,710 ,160 ,230 ,"2,380 ","1,750 ",500 ,530 ,20 ,740 ,10 ,60 ,50 ,40 ,0 ,0 ,80 ,30 ,0 ,"2,170 ","1,180 ","1,200 ",330 ,170 ,"1,040 ",170 ,40 ,910 ,"1,070 ","1,020 ",280 ,20 ,960 ,"1,130 ",180 ,"9,130 ","8,910 ",350 ,"17,450 ","42,380 ","13,390 ","25,510 ",240 ,"112,500 ","15,070 ",490 ,300 ,"14,450 ","40,620 ",0 ,"24,220 ","2,060 ",190 ,"34,550 ",40 ,"3,520 ","3,380 ","4,580 ",960 ,30 ,40 ,20 ,130 ,10 ,10 ,0 ,60 ,0 ,"15,930 ",0 ,"54,300 ","1,230 ",30 ,"4,620 ","1,940 ","1,500 ",100 ,0 ,0 ,10 ,20 ,440 ,0 ,140 ,260 ,0 ,10 ,90 ,30 ,20 ,20 ,840 ,10 ,10 ,0 ,10 ,0 ,0 ,20 ,0 ,10 ,0 ,10 ,0 ,0 ,10 ,60 ,0 ,0 ,0 ,10 ,0 ,0 ,60 ,0 ,0 ,0 ,0 ,0 ,0 ,0 ,0 ,0 ,0 ,20 ,0 ,0 ,0 ,0 ,70 ,10 ,0 ,0 ,0 ,130 ,10 ,0 ,30 ,0 ,0 ,0 ,360 ,0 ,10 ,30 ,0 ,20 ,70 ,20 ,0 ,0 ,50 ,140 ,580 ,0 ,10 ,50 ,780 ,0 ,30 ,20 ,0 ,20 ,0 ,30 ,40 ,"5,850 ",0 ,70 ,70 ,90 ,470 ,0 ,"3,330 "
Nov-2016,"649,150 ",0 ,0 ,"144,860 ",0 ,"3,290 ",660 ,640 ,0 ,100 ,10 ,10 ,330 ,0 ,10 ,0 ,"4,220 ",0 ,0 ,560 ,0 ,0 ,"1,230 ",50 ,0 ,0 ,0 ,0 ,0 ,0 ,0 ,0 ,0 ,0 ,"89,360 ","8,130 ","2,150 ","2,230 ","17,340 ","22,260 ",10 ,70 ,0 ,"8,330 ","4,590 ","3,010 ",0 ,"1,870 ",0 ,90 ,"1,800 ","5,080 ",0 ,10 ,0 ,0 ,"8,530 ",220 ,"1,300 ",10 ,"4,140 ",60 ,150 ,300 ,380 ,170 ,310 ,"1,050 ",20 ,800 ,250 ,30 ,370 ,30 ,90 ,"1,260 ",610 ,"1,000 ",290 ,260 ,"2,930 ","1,700 ",550 ,560 ,30 ,590 ,10 ,60 ,90 ,30 ,0 ,0 ,40 ,20 ,0 ,"2,060 ","1,330 ","1,050 ",320 ,120 ,930 ,170 ,20 ,730 ,"1,040 ",980 ,150 ,10 ,760 ,"1,040 ",190 ,"7,330 ","7,510 ",380 ,"15,340 ","47,620 ","11,930 ","36,240 ",240 ,"118,540 ","14,170 ",320 ,300 ,"14,020 ","42,460 ",20 ,"27,880 ","1,580 ",160 ,"41,690 ",110 ,"5,380 ","2,870 ","4,620 ",870 ,30 ,20 ,20 ,110 ,20 ,10 ,0 ,60 ,0 ,"18,310 ",0 ,"61,830 ","1,410 ",30 ,"5,020 ","1,940 ","1,810 ",120 ,0 ,0 ,0 ,20 ,430 ,0 ,150 ,320 ,0 ,0 ,90 ,30 ,40 ,10 ,860 ,10 ,20 ,0 ,0 ,0 ,10 ,10 ,0 ,30 ,10 ,10 ,0 ,0 ,0 ,20 ,0 ,0 ,0 ,10 ,0 ,0 ,50 ,0 ,0 ,0 ,0 ,0 ,0 ,0 ,0 ,0 ,0 ,10 ,0 ,0 ,0 ,20 ,50 ,0 ,0 ,0 ,0 ,150 ,10 ,0 ,10 ,0 ,0 ,0 ,280 ,0 ,10 ,20 ,0 ,10 ,50 ,20 ,0 ,0 ,70 ,140 ,470 ,0 ,10 ,30 ,"1,020 ",0 ,10 ,30 ,0 ,20 ,0 ,30 ,40 ,"5,810 ",0 ,70 ,60 ,80 ,470 ,0 ,740 
Dec-2016,"647,520 ",0 ,0 ,"162,290 ",0 ,"5,350 ",750 ,440 ,0 ,80 ,0 ,10 ,430 ,0 ,0 ,0 ,"6,800 ",0 ,0 ,980 ,0 ,0 ,"1,460 ",30 ,0 ,0 ,0 ,0 ,0 ,0 ,0 ,0 ,0 ,0 ,"132,810 ","13,280 ","2,990 ","3,100 ","26,710 ","30,170 ",30 ,140 ,0 ,"11,300 ","7,590 ","4,740 ",0 ,"3,190 ",0 ,180 ,"3,720 ","10,020 ",0 ,10 ,0 ,0 ,"13,610 ",440 ,"2,380 ",0 ,"5,000 ",90 ,260 ,440 ,880 ,440 ,490 ,"1,550 ",40 ,"1,040 ",460 ,50 ,640 ,40 ,120 ,"1,580 ",570 ,"1,400 ",400 ,390 ,"3,290 ","3,360 ","1,060 ",710 ,30 ,780 ,20 ,90 ,70 ,40 ,0 ,0 ,90 ,40 ,0 ,"3,070 ","1,370 ","1,510 ",430 ,160 ,"1,290 ",180 ,20 ,860 ,"1,070 ","1,310 ",140 ,20 ,"1,000 ","1,230 ",360 ,"8,580 ","8,620 ",620 ,"28,170 ","53,450 ","15,080 ","42,320 ",300 ,"115,720 ","21,970 ",560 ,490 ,"13,030 ","45,250 ",0 ,"31,570 ","2,640 ",180 ,"47,260 ",140 ,"4,680 ","3,790 ","7,680 ",770 ,40 ,40 ,30 ,180 ,40 ,10 ,0 ,110 ,0 ,"21,640 ",0 ,"78,620 ","2,380 ",20 ,"8,110 ","2,450 ","2,490 ",180 ,0 ,0 ,10 ,50 ,470 ,0 ,180 ,340 ,0 ,0 ,90 ,40 ,50 ,10 ,"1,560 ",10 ,30 ,0 ,0 ,0 ,10 ,20 ,0 ,20 ,0 ,20 ,10 ,0 ,10 ,50 ,0 ,0 ,0 ,20 ,0 ,0 ,70 ,0 ,0 ,0 ,0 ,0 ,0 ,0 ,0 ,0 ,0 ,20 ,0 ,0 ,0 ,0 ,40 ,10 ,0 ,0 ,0 ,120 ,10 ,0 ,10 ,0 ,0 ,0 ,360 ,0 ,10 ,30 ,0 ,0 ,100 ,10 ,0 ,0 ,20 ,110 ,950 ,0 ,10 ,20 ,"1,620 ",0 ,40 ,80 ,0 ,20 ,0 ,110 ,20 ,"11,250 ",10 ,90 ,100 ,120 ,810 ,0 ,530 
Jan-2017,"1,049,590 ",0 ,0 ,"174,900 ",0 ,"4,130 ",620 ,560 ,0 ,80 ,20 ,10 ,170 ,0 ,0 ,0 ,"3,800 ",0 ,0 ,370 ,0 ,0 ,950 ,30 ,0 ,0 ,0 ,0 ,0 ,0 ,0 ,0 ,0 ,0 ,"107,440 ","14,860 ","2,580 ","2,390 ","24,380 ","25,660 ",30 ,100 ,0 ,"8,880 ","6,140 ","4,250 ",0 ,"2,130 ",0 ,120 ,"2,580 ","6,760 ",0 ,20 ,0 ,0 ,"10,920 ",290 ,"1,640 ",10 ,"4,640 ",50 ,170 ,350 ,530 ,200 ,270 ,"1,070 ",20 ,690 ,300 ,40 ,500 ,20 ,130 ,"1,640 ",580 ,"1,150 ",210 ,320 ,"3,040 ","2,580 ",910 ,600 ,20 ,940 ,10 ,100 ,110 ,30 ,0 ,0 ,40 ,60 ,0 ,"2,400 ",710 ,"1,360 ",360 ,310 ,910 ,320 ,30 ,"1,810 ",430 ,"1,030 ",240 ,30 ,"1,060 ","1,200 ",240 ,"7,250 ","10,250 ",340 ,"16,770 ","32,530 ","16,840 ","16,800 ",230 ,"196,760 ","18,920 ",630 ,390 ,"14,540 ","35,600 ",0 ,"36,570 ","2,420 ",430 ,"46,200 ",130 ,"2,820 ","4,820 ","7,450 ",670 ,30 ,40 ,20 ,150 ,10 ,0 ,10 ,70 ,0 ,"20,320 ",0 ,"60,570 ","1,960 ",30 ,"6,640 ","2,070 ","2,460 ",130 ,0 ,0 ,10 ,40 ,480 ,10 ,130 ,310 ,0 ,10 ,70 ,40 ,40 ,20 ,"1,170 ",10 ,30 ,0 ,0 ,0 ,0 ,10 ,0 ,20 ,0 ,20 ,0 ,0 ,10 ,50 ,0 ,0 ,0 ,10 ,10 ,0 ,140 ,0 ,0 ,0 ,0 ,0 ,0 ,0 ,0 ,0 ,0 ,20 ,0 ,0 ,0 ,10 ,30 ,10 ,0 ,0 ,0 ,130 ,10 ,0 ,30 ,0 ,0 ,10 ,500 ,0 ,0 ,30 ,0 ,10 ,100 ,20 ,0 ,0 ,40 ,110 ,"1,040 ",0 ,10 ,40 ,"1,230 ",0 ,20 ,20 ,0 ,10 ,0 ,50 ,30 ,"6,700 ",0 ,120 ,110 ,170 ,790 ,0 ,450 
Feb-2017,"622,860 ",0 ,0 ,"127,510 ",0 ,"2,730 ",380 ,350 ,0 ,100 ,0 ,0 ,230 ,0 ,10 ,0 ,"3,710 ",0 ,0 ,360 ,0 ,0 ,"1,090 ",30 ,0 ,0 ,0 ,0 ,0 ,0 ,0 ,0 ,0 ,0 ,"106,450 ","8,250 ","2,510 ","2,350 ","19,790 ","26,860 ",20 ,80 ,10 ,"8,160 ","4,900 ","4,180 ",0 ,"2,160 ",0 ,140 ,"2,890 ","5,880 ",0 ,0 ,0 ,0 ,"8,780 ",210 ,"1,500 ",0 ,"3,750 ",60 ,130 ,310 ,470 ,150 ,240 ,940 ,20 ,550 ,470 ,30 ,360 ,20 ,90 ,"1,550 ",630 ,"1,170 ",200 ,360 ,"3,070 ","2,180 ",780 ,500 ,30 ,830 ,10 ,80 ,110 ,30 ,0 ,0 ,90 ,70 ,0 ,"2,290 ","1,480 ","1,310 ",370 ,620 ,920 ,570 ,50 ,"3,850 ",870 ,"1,150 ",330 ,30 ,"1,480 ","1,390 ",250 ,"8,270 ","16,710 ",610 ,"20,150 ","46,700 ","13,980 ","22,920 ",280 ,"189,290 ","19,270 ",680 ,540 ,"18,200 ","44,710 ",0 ,"31,520 ","3,630 ",390 ,"56,850 ",150 ,"6,460 ","6,090 ","7,060 ",960 ,40 ,50 ,20 ,170 ,20 ,0 ,0 ,60 ,0 ,"23,630 ",0 ,"70,620 ","2,130 ",30 ,"5,400 ","2,680 ","2,200 ",190 ,0 ,0 ,0 ,40 ,460 ,0 ,160 ,240 ,0 ,0 ,70 ,40 ,50 ,20 ,"1,190 ",10 ,40 ,0 ,0 ,0 ,0 ,10 ,0 ,30 ,0 ,40 ,10 ,0 ,0 ,50 ,0 ,0 ,0 ,0 ,10 ,10 ,50 ,0 ,0 ,0 ,0 ,0 ,0 ,0 ,0 ,0 ,0 ,20 ,0 ,0 ,0 ,10 ,50 ,10 ,0 ,0 ,0 ,150 ,10 ,0 ,50 ,0 ,0 ,0 ,590 ,0 ,0 ,30 ,0 ,0 ,90 ,10 ,0 ,10 ,70 ,190 ,930 ,0 ,30 ,30 ,"1,240 ",0 ,30 ,20 ,0 ,10 ,0 ,40 ,30 ,"4,870 ",10 ,110 ,90 ,140 ,610 ,0 ,"1,010 "
Mar-2017,"605,580 ",0 ,0 ,"150,080 ",0 ,"3,000 ",480 ,440 ,0 ,100 ,0 ,10 ,290 ,0 ,10 ,0 ,"3,370 ",0 ,0 ,420 ,0 ,0 ,960 ,40 ,0 ,0 ,0 ,0 ,0 ,0 ,0 ,0 ,0 ,0 ,"98,670 ","8,770 ","2,050 ","2,190 ","18,340 ","25,460 ",10 ,80 ,10 ,"7,720 ","4,710 ","3,130 ",0 ,"1,590 ",0 ,130 ,"2,100 ","4,330 ",0 ,10 ,0 ,0 ,"8,090 ",180 ,"1,240 ",0 ,"3,630 ",60 ,70 ,260 ,370 ,100 ,160 ,730 ,20 ,510 ,230 ,30 ,310 ,20 ,80 ,"1,140 ",500 ,860 ,120 ,330 ,"2,070 ","1,880 ",610 ,480 ,30 ,480 ,10 ,60 ,80 ,30 ,0 ,0 ,60 ,30 ,0 ,"3,980 ","1,150 ","1,290 ",280 ,300 ,700 ,160 ,30 ,"1,360 ",640 ,830 ,330 ,30 ,870 ,910 ,170 ,"8,270 ","9,340 ",440 ,"16,310 ","44,680 ","13,680 ","28,160 ",190 ,"133,730 ","14,510 ",390 ,450 ,"14,830 ","53,350 ",0 ,"26,120 ","2,750 ",180 ,"46,580 ",60 ,"5,190 ","4,610 ","4,740 ",820 ,20 ,40 ,10 ,130 ,10 ,0 ,0 ,50 ,0 ,"21,280 ",0 ,"68,940 ","2,210 ",40 ,"5,960 ","2,480 ","1,770 ",120 ,0 ,0 ,0 ,20 ,450 ,10 ,460 ,250 ,0 ,10 ,60 ,50 ,40 ,20 ,870 ,10 ,20 ,0 ,10 ,0 ,10 ,20 ,0 ,20 ,0 ,20 ,0 ,0 ,0 ,40 ,0 ,0 ,0 ,10 ,0 ,0 ,60 ,0 ,0 ,0 ,0 ,0 ,0 ,0 ,0 ,0 ,0 ,20 ,0 ,0 ,0 ,0 ,50 ,10 ,0 ,0 ,0 ,130 ,10 ,0 ,30 ,10 ,0 ,0 ,420 ,0 ,10 ,20 ,0 ,10 ,60 ,10 ,0 ,0 ,70 ,150 ,570 ,10 ,20 ,20 ,840 ,0 ,30 ,20 ,0 ,10 ,0 ,30 ,40 ,"5,980 ",10 ,60 ,70 ,140 ,470 ,0 ,"1,270 "
Apr-2017,"773,900 ",0 ,0 ,"164,100 ",0 ,"3,250 ",480 ,430 ,0 ,60 ,10 ,20 ,300 ,0 ,10 ,0 ,"4,030 ",0 ,0 ,490 ,0 ,0 ,"1,030 ",30 ,0 ,0 ,0 ,0 ,0 ,0 ,0 ,0 ,0 ,0 ,"82,210 ","9,260 ","1,610 ","1,850 ","16,320 ","19,550 ",10 ,100 ,0 ,"6,670 ","3,900 ","2,180 ",0 ,"1,170 ",0 ,130 ,"1,940 ","3,250 ",0 ,10 ,0 ,0 ,"6,650 ",170 ,"1,410 ",0 ,"3,600 ",40 ,90 ,220 ,310 ,140 ,140 ,730 ,20 ,430 ,270 ,20 ,220 ,10 ,60 ,900 ,330 ,660 ,110 ,290 ,"1,700 ","1,690 ",500 ,500 ,20 ,640 ,10 ,60 ,70 ,40 ,0 ,0 ,50 ,60 ,0 ,"2,200 ","1,020 ","1,160 ",300 ,200 ,800 ,130 ,30 ,920 ,520 ,690 ,200 ,30 ,"1,450 ","1,490 ",290 ,"15,060 ","9,220 ",400 ,"18,050 ","44,200 ","19,400 ","24,690 ",310 ,"128,800 ","25,770 ",440 ,350 ,"14,640 ","28,350 ",0 ,"26,310 ","2,280 ",190 ,"43,970 ",120 ,"3,340 ","4,150 ","6,540 ",790 ,20 ,20 ,10 ,120 ,10 ,10 ,0 ,40 ,0 ,"16,760 ",0 ,"57,580 ","1,760 ",30 ,"5,300 ","2,100 ","1,910 ",130 ,0 ,0 ,10 ,30 ,360 ,0 ,170 ,220 ,0 ,0 ,100 ,30 ,40 ,10 ,"1,120 ",0 ,20 ,0 ,10 ,0 ,0 ,10 ,0 ,20 ,10 ,20 ,0 ,0 ,10 ,30 ,0 ,0 ,0 ,10 ,10 ,0 ,40 ,0 ,0 ,0 ,0 ,0 ,0 ,0 ,0 ,10 ,0 ,20 ,0 ,0 ,0 ,10 ,80 ,10 ,0 ,0 ,0 ,120 ,10 ,0 ,10 ,0 ,0 ,0 ,360 ,0 ,10 ,30 ,10 ,30 ,50 ,10 ,0 ,0 ,50 ,160 ,570 ,10 ,10 ,20 ,810 ,0 ,10 ,50 ,0 ,10 ,0 ,40 ,30 ,"7,250 ",10 ,80 ,110 ,100 ,640 ,0 ,"2,560 "
May-2017,"676,120 ",0 ,0 ,"141,450 ",0 ,"2,880 ",530 ,450 ,0 ,150 ,20 ,20 ,250 ,0 ,10 ,0 ,"3,130 ",0 ,0 ,400 ,0 ,0 ,"1,230 ",40 ,0 ,0 ,0 ,0 ,0 ,0 ,0 ,0 ,0 ,0 ,"50,720 ","6,080 ","1,110 ","1,230 ","12,510 ","12,560 ",10 ,30 ,0 ,"4,920 ","1,980 ","1,400 ",0 ,820 ,0 ,70 ,840 ,"1,840 ",0 ,0 ,0 ,10 ,"5,400 ",140 ,950 ,0 ,"2,290 ",40 ,80 ,160 ,220 ,110 ,130 ,580 ,20 ,320 ,160 ,10 ,190 ,10 ,70 ,610 ,280 ,420 ,150 ,200 ,"1,260 ","1,290 ",360 ,370 ,30 ,640 ,10 ,60 ,60 ,20 ,0 ,0 ,30 ,30 ,0 ,"1,660 ",840 ,710 ,240 ,100 ,900 ,100 ,30 ,680 ,330 ,640 ,170 ,20 ,820 ,850 ,150 ,"9,080 ","8,790 ",360 ,"15,040 ","52,140 ","17,330 ","31,260 ",280 ,"102,130 ","14,360 ",340 ,380 ,"14,140 ","28,160 ",0 ,"23,240 ","1,850 ",280 ,"47,840 ",80 ,"3,470 ","3,900 ","4,140 ","1,220 ",20 ,20 ,30 ,130 ,20 ,0 ,0 ,50 ,0 ,"11,200 ",0 ,"44,650 ","1,220 ",20 ,"4,700 ","1,960 ","1,490 ",100 ,0 ,0 ,10 ,10 ,360 ,0 ,180 ,230 ,0 ,0 ,60 ,40 ,20 ,10 ,680 ,10 ,10 ,0 ,10 ,0 ,0 ,20 ,0 ,20 ,0 ,20 ,0 ,0 ,10 ,30 ,0 ,0 ,0 ,10 ,0 ,0 ,30 ,0 ,0 ,0 ,0 ,0 ,0 ,0 ,0 ,0 ,0 ,10 ,0 ,0 ,0 ,20 ,40 ,10 ,0 ,0 ,0 ,110 ,10 ,0 ,10 ,10 ,0 ,0 ,340 ,0 ,0 ,20 ,0 ,0 ,90 ,10 ,0 ,0 ,60 ,170 ,460 ,10 ,10 ,10 ,570 ,0 ,10 ,90 ,0 ,20 ,0 ,20 ,30 ,"4,590 ",0 ,40 ,70 ,80 ,430 ,0 ,"1,150 "
Jun-2017,"676,380 ",0 ,0 ,"142,830 ",0 ,"2,750 ",470 ,340 ,0 ,150 ,10 ,10 ,430 ,0 ,0 ,0 ,"3,050 ",0 ,0 ,510 ,0 ,0 ,"1,210 ",20 ,0 ,0 ,0 ,0 ,0 ,0 ,0 ,0 ,0 ,0 ,"54,260 ","7,970 ","1,010 ","1,280 ","13,200 ","11,740 ",10 ,40 ,0 ,"4,490 ","1,860 ","1,670 ",0 ,960 ,0 ,80 ,"1,410 ","2,310 ",0 ,0 ,0 ,0 ,"5,820 ",130 ,830 ,0 ,"2,540 ",50 ,80 ,160 ,210 ,110 ,160 ,550 ,20 ,320 ,150 ,20 ,210 ,10 ,70 ,580 ,310 ,430 ,80 ,130 ,"1,230 ","1,110 ",290 ,360 ,10 ,550 ,10 ,50 ,50 ,10 ,0 ,0 ,40 ,30 ,0 ,"1,540 ",450 ,650 ,230 ,190 ,630 ,150 ,40 ,920 ,230 ,690 ,450 ,30 ,910 ,970 ,230 ,"7,520 ","11,190 ",570 ,"33,830 ","46,250 ","15,690 ","41,840 ",250 ,"99,850 ","13,580 ",340 ,410 ,"15,260 ","25,920 ",0 ,"21,180 ","1,810 ",230 ,"39,800 ",70 ,"3,410 ","2,560 ","3,980 ",960 ,20 ,10 ,10 ,100 ,10 ,0 ,10 ,70 ,0 ,"9,290 ",0 ,"52,640 ",980 ,20 ,"4,300 ","1,730 ","1,870 ",90 ,0 ,0 ,0 ,20 ,380 ,0 ,150 ,210 ,0 ,0 ,40 ,40 ,20 ,20 ,830 ,0 ,10 ,0 ,0 ,0 ,10 ,10 ,0 ,30 ,10 ,10 ,0 ,0 ,0 ,20 ,0 ,0 ,0 ,0 ,10 ,0 ,40 ,0 ,0 ,0 ,0 ,0 ,0 ,0 ,0 ,0 ,0 ,10 ,0 ,0 ,0 ,0 ,70 ,10 ,0 ,0 ,0 ,130 ,0 ,0 ,20 ,0 ,0 ,0 ,320 ,0 ,10 ,20 ,10 ,10 ,70 ,10 ,0 ,0 ,110 ,140 ,410 ,0 ,10 ,30 ,590 ,0 ,10 ,20 ,0 ,10 ,0 ,30 ,40 ,"4,920 ",0 ,50 ,50 ,90 ,420 ,0 ,"2,050 "
Jul-2017,"966,250 ",0 ,0 ,"171,920 ",0 ,"3,970 ",510 ,350 ,0 ,80 ,10 ,10 ,370 ,0 ,0 ,0 ,"3,230 ",0 ,0 ,430 ,0 ,0 ,900 ,40 ,0 ,0 ,0 ,0 ,0 ,0 ,0 ,0 ,0 ,0 ,"70,090 ","9,440 ","2,180 ","2,730 ","19,880 ","19,080 ",20 ,130 ,10 ,"10,260 ","4,260 ","3,120 ",0 ,"1,010 ",0 ,120 ,"2,690 ","3,010 ",0 ,10 ,0 ,10 ,"9,330 ",250 ,"1,340 ",0 ,"4,930 ",50 ,90 ,170 ,320 ,160 ,170 ,660 ,10 ,400 ,250 ,20 ,250 ,10 ,80 ,920 ,350 ,610 ,120 ,230 ,"1,560 ","1,780 ",410 ,470 ,40 ,750 ,10 ,100 ,100 ,30 ,0 ,0 ,20 ,70 ,0 ,"2,190 ",470 ,"1,030 ",450 ,900 ,870 ,700 ,210 ,"3,110 ",280 ,"1,010 ","3,020 ",30 ,"1,160 ","1,440 ",310 ,"8,960 ","14,190 ",680 ,"24,840 ","40,510 ","14,040 ","24,740 ",210 ,"184,510 ","21,780 ",940 ,530 ,"17,430 ","40,270 ",0 ,"24,300 ","3,200 ",450 ,"39,620 ",160 ,"5,800 ","4,610 ","5,400 ",950 ,30 ,40 ,10 ,170 ,20 ,0 ,0 ,70 ,0 ,"12,940 ",0 ,"53,970 ","1,490 ",50 ,"5,360 ","2,140 ","1,940 ",190 ,0 ,0 ,0 ,40 ,450 ,10 ,130 ,250 ,0 ,0 ,30 ,40 ,40 ,10 ,"1,550 ",10 ,20 ,0 ,10 ,0 ,20 ,10 ,0 ,40 ,0 ,20 ,10 ,0 ,0 ,50 ,0 ,0 ,0 ,10 ,0 ,0 ,60 ,0 ,0 ,0 ,0 ,0 ,0 ,0 ,0 ,0 ,0 ,20 ,0 ,0 ,0 ,10 ,30 ,20 ,0 ,0 ,0 ,200 ,10 ,0 ,20 ,10 ,0 ,0 ,370 ,0 ,10 ,20 ,0 ,10 ,70 ,10 ,0 ,0 ,40 ,130 ,690 ,10 ,20 ,30 ,950 ,0 ,30 ,20 ,0 ,10 ,0 ,40 ,30 ,"5,910 ",0 ,90 ,70 ,130 ,560 ,0 ,"3,990 "
Aug-2017,"769,970 ",0 ,0 ,"153,180 ",0 ,"2,880 ",360 ,650 ,0 ,70 ,10 ,20 ,360 ,0 ,10 ,0 ,"3,510 ",0 ,0 ,490 ,0 ,0 ,"1,170 ",30 ,0 ,0 ,0 ,0 ,0 ,0 ,0 ,0 ,0 ,0 ,"63,120 ","8,460 ","1,630 ","1,650 ","17,210 ","17,700 ",10 ,190 ,0 ,"5,820 ","2,240 ","1,540 ",0 ,"1,030 ",0 ,60 ,"1,170 ","2,200 ",0 ,20 ,0 ,0 ,"10,730 ",240 ,"1,520 ",10 ,"4,620 ",90 ,150 ,220 ,350 ,180 ,280 ,900 ,10 ,410 ,160 ,30 ,300 ,30 ,100 ,820 ,530 ,580 ,140 ,210 ,"1,730 ","1,660 ",490 ,430 ,30 ,700 ,0 ,110 ,60 ,40 ,0 ,0 ,20 ,120 ,0 ,"2,200 ",780 ,980 ,350 ,710 ,"1,040 ",140 ,130 ,"1,520 ",650 ,930 ,"1,490 ",40 ,820 ,"1,060 ",190 ,"7,820 ","10,020 ",330 ,"16,580 ","54,540 ","13,700 ","28,090 ",250 ,"138,090 ","23,370 ",780 ,590 ,"18,940 ","55,800 ",0 ,"23,740 ","2,140 ",250 ,"38,900 ",70 ,"3,540 ","3,550 ","5,330 ","1,140 ",30 ,30 ,20 ,120 ,10 ,0 ,0 ,70 ,0 ,"12,450 ",0 ,"45,290 ","1,150 ",30 ,"5,040 ","2,030 ","1,760 ",140 ,0 ,0 ,0 ,20 ,480 ,0 ,160 ,250 ,0 ,0 ,50 ,40 ,60 ,10 ,940 ,10 ,20 ,0 ,10 ,0 ,10 ,10 ,0 ,20 ,10 ,20 ,0 ,0 ,10 ,40 ,0 ,0 ,0 ,10 ,0 ,10 ,90 ,0 ,0 ,0 ,0 ,0 ,0 ,0 ,0 ,0 ,0 ,30 ,0 ,0 ,0 ,10 ,90 ,10 ,0 ,0 ,0 ,90 ,10 ,0 ,20 ,0 ,0 ,0 ,280 ,0 ,0 ,20 ,0 ,0 ,50 ,20 ,10 ,0 ,60 ,110 ,470 ,10 ,10 ,10 ,710 ,0 ,10 ,20 ,0 ,10 ,0 ,20 ,40 ,"4,900 ",0 ,80 ,50 ,110 ,470 ,0 ,"1,270 "
Sep-2017,"844,820 ",0 ,0 ,"159,110 ",0 ,"4,320 ",590 ,800 ,0 ,140 ,10 ,20 ,440 ,0 ,0 ,0 ,"3,750 ",0 ,0 ,620 ,0 ,0 ,"1,190 ",30 ,0 ,0 ,0 ,0 ,0 ,0 ,0 ,0 ,0 ,0 ,"70,360 ","9,080 ","1,790 ","2,120 ","15,870 ","19,850 ",10 ,70 ,10 ,"7,280 ","3,640 ","2,020 ",0 ,"1,230 ",0 ,80 ,"1,470 ","2,740 ",0 ,0 ,0 ,0 ,"9,740 ",280 ,"1,370 ",0 ,"4,640 ",90 ,120 ,250 ,320 ,160 ,280 ,"1,050 ",20 ,480 ,250 ,20 ,360 ,40 ,80 ,"1,050 ",650 ,650 ,130 ,290 ,"1,750 ","1,650 ",580 ,520 ,30 ,620 ,10 ,80 ,90 ,30 ,0 ,0 ,40 ,30 ,0 ,"2,480 ",860 ,"1,200 ",360 ,140 ,"1,100 ",120 ,20 ,780 ,580 ,"1,130 ",280 ,20 ,800 ,"1,210 ",190 ,"9,110 ","9,790 ",370 ,"18,100 ","42,250 ","13,790 ","27,600 ",180 ,"119,140 ","14,870 ",350 ,450 ,"15,160 ","37,530 ",0 ,"29,550 ","2,460 ",150 ,"37,750 ",80 ,"3,870 ","3,910 ","5,290 ","1,230 ",60 ,20 ,20 ,120 ,20 ,0 ,0 ,60 ,0 ,"12,740 ",0 ,"44,840 ","1,710 ",50 ,"5,330 ","2,060 ","1,730 ",150 ,0 ,0 ,30 ,30 ,400 ,10 ,120 ,240 ,0 ,0 ,60 ,20 ,30 ,30 ,"1,170 ",10 ,10 ,0 ,0 ,0 ,0 ,20 ,0 ,20 ,0 ,30 ,0 ,0 ,10 ,40 ,0 ,0 ,0 ,10 ,0 ,0 ,90 ,0 ,0 ,0 ,0 ,0 ,0 ,0 ,0 ,0 ,10 ,10 ,0 ,0 ,0 ,10 ,80 ,10 ,0 ,0 ,0 ,170 ,10 ,0 ,20 ,10 ,0 ,10 ,380 ,0 ,10 ,30 ,0 ,0 ,80 ,10 ,0 ,0 ,170 ,160 ,580 ,10 ,20 ,20 ,670 ,0 ,30 ,30 ,0 ,20 ,0 ,20 ,30 ,"6,060 ",10 ,60 ,70 ,120 ,490 ,0 ,"4,210 "
Oct-2017,"954,220 ",0 ,0 ,"181,600 ",0 ,"3,200 ",680 ,730 ,0 ,140 ,20 ,20 ,370 ,0 ,10 ,0 ,"3,760 ",0 ,0 ,530 ,0 ,0 ,"1,330 ",40 ,0 ,0 ,0 ,0 ,0 ,0 ,0 ,0 ,0 ,0 ,"88,750 ","9,490 ","2,370 ","2,550 ","20,420 ","26,230 ",10 ,90 ,10 ,"9,340 ","4,660 ","3,150 ",0 ,"1,800 ",0 ,150 ,"1,970 ","4,430 ",0 ,0 ,0 ,0 ,"9,740 ",210 ,"1,450 ",0 ,"5,330 ",60 ,100 ,270 ,370 ,170 ,300 ,860 ,20 ,510 ,320 ,40 ,370 ,30 ,80 ,"1,050 ",550 ,790 ,160 ,330 ,"2,430 ","1,800 ",490 ,600 ,30 ,820 ,10 ,80 ,90 ,40 ,0 ,0 ,30 ,30 ,0 ,"2,170 ",670 ,"1,080 ",350 ,130 ,"1,060 ",170 ,40 ,710 ,330 ,"1,040 ",200 ,30 ,950 ,"1,100 ",170 ,"9,070 ","10,820 ",310 ,"18,070 ","42,060 ","15,290 ","25,140 ",370 ,"133,590 ","17,010 ",480 ,550 ,"17,030 ","39,500 ",0 ,"32,040 ","1,960 ",230 ,"41,170 ",60 ,"5,680 ","3,710 ","4,730 ","1,190 ",30 ,30 ,30 ,130 ,20 ,10 ,0 ,70 ,0 ,"16,380 ",0 ,"57,740 ","1,850 ",20 ,"5,830 ","2,730 ","2,020 ",130 ,0 ,0 ,20 ,30 ,460 ,0 ,170 ,220 ,0 ,10 ,110 ,40 ,40 ,30 ,980 ,10 ,20 ,0 ,10 ,0 ,40 ,10 ,0 ,30 ,0 ,80 ,10 ,0 ,10 ,70 ,0 ,0 ,0 ,10 ,0 ,10 ,40 ,0 ,0 ,0 ,0 ,0 ,0 ,0 ,0 ,0 ,0 ,20 ,0 ,0 ,0 ,10 ,50 ,0 ,0 ,0 ,0 ,150 ,10 ,0 ,10 ,10 ,0 ,30 ,550 ,0 ,0 ,20 ,0 ,0 ,40 ,20 ,0 ,0 ,50 ,130 ,460 ,20 ,10 ,30 ,700 ,0 ,10 ,40 ,0 ,10 ,0 ,30 ,40 ,"5,750 ",0 ,70 ,80 ,110 ,520 ,0 ,820 
Nov-2017,"680,850 ",0 ,0 ,"149,720 ",0 ,"3,400 ",600 ,760 ,0 ,180 ,10 ,20 ,330 ,0 ,10 ,0 ,"4,640 ",0 ,0 ,550 ,0 ,0 ,"1,440 ",50 ,0 ,0 ,0 ,0 ,0 ,0 ,0 ,0 ,0 ,0 ,"97,480 ","8,260 ","2,300 ","2,260 ","18,680 ","22,790 ",20 ,80 ,0 ,"8,190 ","4,790 ","3,160 ",0 ,"2,020 ",0 ,120 ,"1,890 ","5,120 ",0 ,0 ,0 ,0 ,"8,580 ",210 ,"1,510 ",10 ,"4,500 ",70 ,120 ,380 ,390 ,160 ,300 ,930 ,10 ,720 ,280 ,20 ,360 ,20 ,100 ,"1,340 ",680 ,910 ,200 ,390 ,"2,850 ","1,960 ",560 ,570 ,30 ,730 ,10 ,80 ,70 ,30 ,0 ,0 ,30 ,30 ,0 ,"2,060 ",510 ,"1,080 ",330 ,120 ,900 ,90 ,30 ,620 ,330 ,"1,120 ",200 ,30 ,930 ,"1,000 ",220 ,"7,490 ","10,160 ",420 ,"18,210 ","46,690 ","14,180 ","37,320 ",360 ,"126,240 ","15,880 ",380 ,560 ,"13,420 ","43,420 ",0 ,"30,320 ","2,120 ",190 ,"46,210 ",120 ,"5,350 ","3,450 ","5,740 ","1,080 ",30 ,30 ,20 ,110 ,20 ,0 ,10 ,80 ,0 ,"20,970 ",0 ,"68,320 ","1,770 ",40 ,"6,190 ","2,160 ","2,180 ",110 ,0 ,0 ,10 ,30 ,710 ,0 ,150 ,220 ,0 ,10 ,60 ,30 ,50 ,80 ,"1,060 ",0 ,40 ,0 ,10 ,0 ,10 ,30 ,0 ,20 ,10 ,60 ,10 ,0 ,10 ,40 ,0 ,0 ,0 ,10 ,10 ,10 ,80 ,0 ,0 ,0 ,0 ,0 ,0 ,0 ,0 ,0 ,0 ,10 ,0 ,0 ,0 ,0 ,60 ,10 ,0 ,10 ,0 ,100 ,10 ,0 ,10 ,10 ,0 ,0 ,320 ,0 ,10 ,20 ,0 ,0 ,40 ,20 ,0 ,0 ,40 ,170 ,490 ,10 ,10 ,40 ,"1,080 ",0 ,20 ,50 ,0 ,10 ,0 ,20 ,30 ,"5,920 ",10 ,60 ,50 ,90 ,470 ,0 ,780 
Dec-2017,"660,800 ",0 ,0 ,"160,570 ",0 ,"4,520 ",730 ,640 ,0 ,80 ,0 ,10 ,520 ,0 ,0 ,0 ,"6,880 ",0 ,0 ,"1,000 ",0 ,0 ,"1,550 ",20 ,0 ,0 ,0 ,0 ,0 ,0 ,0 ,0 ,0 ,0 ,"143,980 ","13,460 ","3,400 ","3,080 ","26,850 ","31,570 ",30 ,160 ,10 ,"11,140 ","8,380 ","5,070 ",0 ,"3,470 ",0 ,210 ,"3,980 ","10,490 ",0 ,0 ,0 ,0 ,"13,640 ",470 ,"2,380 ",10 ,"5,270 ",90 ,260 ,530 ,930 ,380 ,590 ,"1,730 ",30 ,"1,120 ",550 ,60 ,620 ,30 ,130 ,"1,870 ",640 ,"1,450 ",270 ,450 ,"3,580 ","3,750 ","1,100 ",810 ,50 ,870 ,0 ,110 ,90 ,40 ,0 ,0 ,40 ,50 ,0 ,"3,470 ",620 ,"1,650 ",540 ,160 ,"1,510 ",180 ,10 ,870 ,290 ,"1,350 ",230 ,50 ,980 ,"1,490 ",270 ,"8,650 ","11,200 ",530 ,"25,290 ","48,010 ","16,600 ","37,780 ",350 ,"133,200 ","23,270 ",620 ,630 ,"17,380 ","46,880 ",0 ,"36,360 ","2,880 ",240 ,"54,280 ",150 ,"5,480 ","4,560 ","8,450 ",740 ,60 ,40 ,20 ,190 ,20 ,10 ,0 ,80 ,0 ,"24,400 ",0 ,"82,820 ","3,370 ",40 ,"8,910 ","2,930 ","2,750 ",150 ,0 ,0 ,0 ,70 ,590 ,0 ,200 ,320 ,0 ,10 ,140 ,80 ,60 ,20 ,"1,900 ",10 ,30 ,0 ,0 ,0 ,10 ,20 ,0 ,20 ,0 ,30 ,0 ,0 ,0 ,50 ,0 ,0 ,0 ,10 ,10 ,0 ,80 ,0 ,0 ,0 ,0 ,0 ,0 ,0 ,0 ,0 ,0 ,20 ,0 ,10 ,0 ,20 ,70 ,20 ,0 ,10 ,0 ,140 ,10 ,0 ,10 ,0 ,0 ,0 ,390 ,0 ,10 ,20 ,10 ,10 ,100 ,10 ,0 ,0 ,40 ,110 ,990 ,10 ,30 ,50 ,"1,550 ",0 ,40 ,80 ,0 ,20 ,0 ,80 ,30 ,"11,980 ",10 ,90 ,80 ,110 ,820 ,0 ,360 
Jan-2018,"1,106,970 ",0 ,0 ,"175,200 ",0 ,"3,890 ",620 ,600 ,0 ,100 ,0 ,10 ,230 ,0 ,0 ,0 ,"4,320 ",0 ,0 ,470 ,0 ,0 ,"1,180 ",20 ,0 ,0 ,0 ,0 ,0 ,0 ,0 ,0 ,0 ,0 ,"107,960 ","14,910 ","2,560 ","2,400 ","24,280 ","24,320 ",30 ,70 ,0 ,"9,080 ","5,610 ","4,080 ",0 ,"2,290 ",0 ,140 ,"2,490 ","6,590 ",0 ,10 ,0 ,0 ,"11,280 ",310 ,"1,700 ",0 ,"5,050 ",80 ,170 ,460 ,630 ,180 ,250 ,"1,070 ",30 ,790 ,390 ,40 ,510 ,20 ,120 ,"1,840 ",730 ,"1,280 ",220 ,360 ,"3,510 ","2,910 ",970 ,600 ,30 ,"1,160 ",20 ,110 ,150 ,40 ,0 ,0 ,30 ,40 ,0 ,"2,690 ",610 ,"1,460 ",460 ,260 ,"1,180 ",280 ,30 ,"2,330 ",380 ,"1,260 ",230 ,40 ,"1,240 ","1,720 ",310 ,"7,700 ","11,440 ",340 ,"18,050 ","29,260 ","19,000 ","15,260 ",220 ,"160,930 ","13,870 ",430 ,640 ,"15,640 ","38,000 ",0 ,"40,480 ","3,040 ",540 ,"58,530 ",120 ,"4,110 ","6,090 ","7,850 ",780 ,20 ,60 ,30 ,170 ,20 ,10 ,10 ,70 ,0 ,"23,320 ",0 ,"69,120 ","3,140 ",40 ,"7,970 ","2,710 ","3,370 ",170 ,0 ,0 ,10 ,50 ,550 ,10 ,170 ,290 ,0 ,0 ,90 ,30 ,60 ,20 ,"1,420 ",10 ,40 ,0 ,0 ,0 ,10 ,30 ,0 ,30 ,0 ,30 ,10 ,0 ,10 ,60 ,0 ,0 ,0 ,20 ,10 ,0 ,80 ,0 ,0 ,0 ,0 ,0 ,0 ,0 ,0 ,0 ,0 ,10 ,0 ,0 ,0 ,0 ,70 ,20 ,0 ,0 ,0 ,170 ,10 ,0 ,10 ,10 ,0 ,0 ,530 ,0 ,0 ,30 ,0 ,10 ,150 ,30 ,0 ,0 ,40 ,130 ,"1,070 ",0 ,10 ,60 ,"1,130 ",0 ,40 ,30 ,0 ,20 ,0 ,60 ,10 ,"6,860 ",10 ,120 ,140 ,200 ,820 ,0 ,460 
Feb-2018,"606,790 ",0 ,0 ,"124,890 ",0 ,"2,540 ",460 ,360 ,0 ,100 ,10 ,10 ,240 ,0 ,10 ,0 ,"3,710 ",0 ,0 ,460 ,0 ,0 ,"1,110 ",60 ,0 ,0 ,0 ,0 ,0 ,0 ,0 ,0 ,0 ,0 ,"104,390 ","8,220 ","2,550 ","2,310 ","20,890 ","28,720 ",20 ,110 ,10 ,"8,470 ","5,150 ","4,230 ",0 ,"2,130 ",0 ,180 ,"3,110 ","5,800 ",0 ,10 ,0 ,0 ,"8,710 ",240 ,"1,650 ",0 ,"4,170 ",60 ,120 ,460 ,450 ,210 ,200 ,980 ,30 ,620 ,420 ,30 ,410 ,20 ,90 ,"1,560 ",680 ,"1,140 ",300 ,460 ,"2,820 ","2,220 ",730 ,590 ,50 ,830 ,10 ,100 ,130 ,40 ,0 ,0 ,40 ,60 ,0 ,"2,410 ",630 ,"1,420 ",350 ,480 ,890 ,570 ,30 ,"3,160 ",390 ,"1,110 ",310 ,30 ,"1,330 ","1,580 ",250 ,"7,580 ","17,370 ",560 ,"20,660 ","44,820 ","14,390 ","24,920 ",260 ,"265,220 ","29,230 ",960 ,530 ,"21,580 ","45,610 ",0 ,"30,370 ","4,100 ",610 ,"62,910 ",140 ,"7,070 ","6,770 ","7,910 ","1,080 ",30 ,40 ,40 ,200 ,10 ,0 ,0 ,70 ,0 ,"25,240 ",0 ,"79,490 ","2,960 ",60 ,"6,220 ","3,650 ","2,320 ",160 ,0 ,0 ,10 ,70 ,580 ,0 ,330 ,190 ,0 ,0 ,60 ,60 ,30 ,20 ,"1,320 ",10 ,40 ,0 ,0 ,0 ,10 ,10 ,0 ,40 ,0 ,30 ,10 ,0 ,10 ,70 ,0 ,0 ,0 ,10 ,10 ,10 ,50 ,0 ,0 ,0 ,0 ,0 ,0 ,0 ,0 ,0 ,0 ,10 ,0 ,0 ,0 ,10 ,40 ,10 ,0 ,0 ,0 ,170 ,10 ,0 ,20 ,0 ,0 ,0 ,530 ,0 ,0 ,30 ,0 ,0 ,80 ,10 ,0 ,0 ,80 ,260 ,960 ,10 ,10 ,30 ,"1,130 ",0 ,30 ,30 ,0 ,10 ,0 ,50 ,20 ,"4,960 ",10 ,130 ,90 ,130 ,550 ,0 ,610 
Mar-2018,"649,940 ",0 ,0 ,"153,080 ",0 ,"2,810 ",480 ,560 ,0 ,150 ,10 ,10 ,310 ,0 ,0 ,0 ,"4,080 ",0 ,0 ,530 ,0 ,0 ,"1,310 ",40 ,0 ,0 ,0 ,0 ,0 ,0 ,0 ,0 ,0 ,0 ,"109,890 ","10,700 ","2,310 ","2,280 ","19,690 ","26,430 ",10 ,90 ,10 ,"8,130 ","4,580 ","3,710 ",0 ,"1,770 ",0 ,180 ,"2,850 ","4,710 ",0 ,10 ,0 ,0 ,"8,330 ",240 ,"1,430 ",0 ,"4,480 ",60 ,90 ,300 ,400 ,180 ,220 ,870 ,20 ,580 ,250 ,20 ,290 ,10 ,100 ,"1,290 ",570 ,850 ,180 ,390 ,"2,270 ","2,100 ",560 ,520 ,40 ,630 ,20 ,80 ,100 ,40 ,0 ,0 ,40 ,60 ,0 ,"4,210 ",570 ,"1,520 ",350 ,220 ,860 ,170 ,30 ,"1,180 ",330 ,780 ,300 ,30 ,"1,100 ","1,400 ",340 ,"9,160 ","15,020 ",580 ,"19,510 ","44,200 ","16,280 ","29,440 ",280 ,"154,260 ","27,650 ",440 ,460 ,"19,240 ","53,140 ",0 ,"29,980 ","3,110 ",290 ,"59,140 ",100 ,"7,120 ","5,600 ","5,820 ",840 ,20 ,50 ,20 ,140 ,20 ,0 ,10 ,60 ,0 ,"23,650 ",0 ,"76,210 ","3,530 ",30 ,"6,760 ","3,200 ","2,040 ",120 ,0 ,0 ,30 ,20 ,530 ,0 ,360 ,200 ,0 ,10 ,70 ,40 ,30 ,30 ,"1,160 ",20 ,30 ,0 ,0 ,0 ,30 ,90 ,0 ,50 ,20 ,30 ,20 ,0 ,0 ,180 ,0 ,0 ,0 ,10 ,30 ,30 ,130 ,0 ,0 ,0 ,0 ,0 ,0 ,0 ,0 ,0 ,0 ,80 ,0 ,0 ,0 ,0 ,100 ,10 ,0 ,0 ,20 ,340 ,10 ,0 ,10 ,10 ,0 ,0 ,490 ,0 ,20 ,110 ,0 ,0 ,90 ,30 ,0 ,0 ,70 ,170 ,640 ,40 ,20 ,70 ,880 ,0 ,50 ,60 ,0 ,30 ,0 ,80 ,40 ,"7,150 ",10 ,100 ,120 ,120 ,460 ,0 ,820 
Apr-2018,"798,650 ",0 ,0 ,"156,820 ",0 ,"3,200 ",560 ,530 ,0 ,110 ,10 ,10 ,540 ,0 ,10 ,0 ,"4,280 ",0 ,0 ,640 ,0 ,0 ,"1,200 ",40 ,0 ,0 ,0 ,0 ,0 ,0 ,0 ,0 ,0 ,0 ,"75,380 ","7,930 ","1,560 ","1,810 ","16,850 ","17,030 ",10 ,80 ,0 ,"6,490 ","3,320 ","2,050 ",0 ,"1,180 ",0 ,90 ,"1,550 ","2,680 ",0 ,10 ,0 ,0 ,"6,710 ",150 ,"1,190 ",0 ,"3,250 ",40 ,100 ,280 ,290 ,150 ,170 ,700 ,20 ,500 ,210 ,20 ,270 ,10 ,70 ,830 ,380 ,580 ,110 ,250 ,"1,760 ","1,600 ",490 ,470 ,30 ,680 ,10 ,100 ,90 ,40 ,0 ,0 ,20 ,50 ,0 ,"2,380 ",550 ,960 ,340 ,180 ,850 ,110 ,30 ,710 ,380 ,730 ,270 ,30 ,"1,450 ","1,820 ",330 ,"14,720 ","11,150 ",320 ,"17,470 ","39,510 ","18,180 ","23,250 ",350 ,"142,800 ","17,100 ",600 ,450 ,"16,780 ","30,730 ",0 ,"26,100 ","2,400 ",260 ,"52,370 ",110 ,"4,290 ","4,780 ","7,360 ","1,050 ",30 ,60 ,20 ,240 ,20 ,10 ,10 ,50 ,0 ,"15,710 ",0 ,"55,900 ","2,120 ",40 ,"5,890 ","2,760 ","2,070 ",100 ,0 ,0 ,20 ,30 ,460 ,0 ,220 ,210 ,0 ,30 ,70 ,40 ,40 ,30 ,"1,190 ",10 ,30 ,0 ,30 ,0 ,80 ,20 ,0 ,40 ,10 ,30 ,20 ,0 ,0 ,120 ,0 ,0 ,0 ,20 ,10 ,10 ,60 ,0 ,0 ,0 ,0 ,0 ,0 ,0 ,0 ,0 ,0 ,60 ,0 ,0 ,0 ,10 ,130 ,10 ,0 ,0 ,10 ,160 ,10 ,0 ,10 ,10 ,0 ,0 ,460 ,0 ,10 ,40 ,0 ,0 ,80 ,20 ,0 ,0 ,60 ,150 ,730 ,10 ,10 ,20 ,850 ,0 ,20 ,70 ,0 ,30 ,0 ,60 ,20 ,"6,590 ",20 ,80 ,180 ,130 ,470 ,0 ,"2,060 "
May-2018,"715,890 ",0 ,0 ,"142,650 ",0 ,"2,480 ",610 ,600 ,0 ,250 ,10 ,20 ,350 ,0 ,10 ,0 ,"3,540 ",0 ,0 ,520 ,0 ,0 ,"1,560 ",20 ,0 ,0 ,0 ,0 ,0 ,0 ,0 ,0 ,0 ,0 ,"51,430 ","6,160 ","1,130 ","1,360 ","14,160 ","12,780 ",10 ,40 ,0 ,"5,080 ","1,890 ","1,430 ",0 ,760 ,0 ,70 ,910 ,"1,670 ",0 ,0 ,0 ,0 ,"5,920 ",160 ,940 ,0 ,"2,820 ",40 ,60 ,160 ,220 ,90 ,160 ,530 ,20 ,320 ,120 ,10 ,170 ,0 ,60 ,660 ,270 ,380 ,90 ,180 ,"1,190 ","1,190 ",290 ,330 ,20 ,520 ,10 ,50 ,60 ,20 ,0 ,0 ,30 ,20 ,0 ,"1,810 ",670 ,720 ,240 ,70 ,"1,070 ",50 ,10 ,720 ,480 ,660 ,130 ,30 ,970 ,"1,240 ",200 ,"9,790 ","10,230 ",310 ,"16,780 ","42,340 ","18,450 ","31,800 ",330 ,"114,890 ","14,570 ",320 ,430 ,"17,160 ","29,670 ",0 ,"23,670 ","2,070 ",220 ,"56,230 ",50 ,"5,510 ","4,050 ","4,700 ","1,270 ",20 ,30 ,10 ,90 ,20 ,10 ,0 ,50 ,0 ,"11,330 ",0 ,"49,240 ","1,720 ",30 ,"5,590 ","2,360 ","1,760 ",90 ,0 ,0 ,0 ,30 ,390 ,0 ,140 ,190 ,0 ,10 ,50 ,30 ,30 ,10 ,760 ,10 ,20 ,0 ,0 ,0 ,10 ,20 ,0 ,30 ,0 ,20 ,0 ,0 ,0 ,40 ,0 ,0 ,0 ,10 ,10 ,0 ,80 ,0 ,0 ,0 ,0 ,0 ,0 ,0 ,0 ,0 ,0 ,10 ,0 ,0 ,0 ,0 ,150 ,0 ,0 ,0 ,0 ,120 ,10 ,0 ,10 ,10 ,0 ,0 ,340 ,0 ,10 ,20 ,0 ,0 ,50 ,30 ,0 ,0 ,100 ,170 ,450 ,0 ,10 ,20 ,610 ,0 ,10 ,40 ,0 ,20 ,0 ,30 ,20 ,"4,780 ",10 ,30 ,130 ,90 ,400 ,0 ,"1,040 "
Jun-2018,"713,730 ",0 ,0 ,"146,000 ",0 ,"2,920 ",560 ,550 ,0 ,190 ,10 ,20 ,410 ,0 ,10 ,0 ,"3,300 ",0 ,0 ,590 ,0 ,0 ,"1,340 ",50 ,0 ,0 ,0 ,0 ,0 ,0 ,0 ,0 ,0 ,0 ,"51,810 ","8,530 ","1,020 ","1,360 ","14,050 ","11,810 ",0 ,50 ,0 ,"4,830 ","1,790 ","1,600 ",0 ,970 ,0 ,120 ,"1,590 ","2,240 ",0 ,10 ,0 ,0 ,"6,230 ",150 ,960 ,0 ,"2,960 ",50 ,80 ,150 ,210 ,100 ,160 ,620 ,20 ,340 ,180 ,10 ,200 ,10 ,70 ,720 ,270 ,410 ,100 ,190 ,"1,460 ","1,400 ",350 ,430 ,20 ,600 ,10 ,70 ,90 ,20 ,0 ,0 ,20 ,60 ,0 ,"1,620 ",650 ,730 ,240 ,170 ,680 ,200 ,100 ,"1,320 ",370 ,690 ,380 ,30 ,940 ,"1,030 ",250 ,"8,070 ","12,560 ",610 ,"40,770 ","49,710 ","18,360 ","41,490 ",350 ,"104,080 ","16,200 ",340 ,560 ,"17,210 ","26,870 ",0 ,"23,290 ","2,580 ",330 ,"47,600 ",100 ,"5,310 ","3,540 ","4,720 ",770 ,30 ,20 ,100 ,110 ,10 ,0 ,10 ,70 ,0 ,"10,250 ",0 ,"56,380 ","1,370 ",30 ,"5,240 ","2,050 ","2,040 ",110 ,0 ,0 ,10 ,10 ,400 ,0 ,120 ,190 ,0 ,10 ,60 ,30 ,30 ,20 ,840 ,10 ,50 ,0 ,0 ,0 ,10 ,10 ,0 ,20 ,10 ,10 ,10 ,0 ,0 ,30 ,0 ,0 ,0 ,0 ,10 ,0 ,70 ,0 ,0 ,0 ,0 ,0 ,0 ,0 ,0 ,0 ,0 ,20 ,0 ,0 ,0 ,10 ,130 ,20 ,0 ,0 ,0 ,130 ,10 ,0 ,10 ,0 ,0 ,0 ,320 ,0 ,10 ,10 ,0 ,0 ,40 ,10 ,0 ,0 ,60 ,140 ,470 ,0 ,10 ,20 ,690 ,0 ,20 ,30 ,0 ,20 ,0 ,20 ,30 ,"5,780 ",0 ,60 ,70 ,90 ,420 ,0 ,"1,300 "
Jul-2018,"1,017,380 ",0 ,0 ,"171,570 ",0 ,"3,470 ",550 ,460 ,0 ,140 ,10 ,20 ,330 ,0 ,10 ,0 ,"3,370 ",0 ,0 ,500 ,0 ,0 ,"1,140 ",40 ,0 ,0 ,0 ,0 ,0 ,0 ,0 ,0 ,0 ,0 ,"67,500 ","8,740 ","2,240 ","2,770 ","20,200 ","19,800 ",20 ,120 ,10 ,"10,430 ","4,400 ","3,300 ",0 ,"1,080 ",0 ,90 ,"2,720 ","3,110 ",0 ,10 ,0 ,0 ,"9,750 ",240 ,"1,550 ",10 ,"4,940 ",70 ,80 ,180 ,350 ,170 ,190 ,710 ,10 ,400 ,210 ,20 ,290 ,10 ,80 ,910 ,310 ,600 ,100 ,310 ,"1,770 ","1,960 ",440 ,450 ,30 ,940 ,30 ,100 ,90 ,30 ,0 ,0 ,20 ,120 ,0 ,"2,150 ",670 ,"1,100 ",430 ,740 ,890 ,550 ,430 ,"3,050 ",400 ,990 ,"2,850 ",80 ,"1,450 ","1,480 ",340 ,"9,660 ","15,890 ",620 ,"24,410 ","41,890 ","16,840 ","25,770 ",290 ,"194,640 ","25,670 ","1,060 ",670 ,"20,330 ","42,110 ",0 ,"26,020 ","3,210 ",530 ,"49,690 ",100 ,"6,810 ","4,780 ","6,230 ",810 ,30 ,40 ,20 ,220 ,20 ,10 ,10 ,80 ,0 ,"14,070 ",0 ,"58,790 ","2,090 ",30 ,"6,040 ","2,610 ","2,530 ",200 ,0 ,0 ,0 ,60 ,560 ,10 ,150 ,180 ,0 ,0 ,50 ,30 ,30 ,20 ,"1,490 ",10 ,20 ,0 ,0 ,0 ,10 ,20 ,0 ,40 ,0 ,10 ,10 ,0 ,10 ,70 ,0 ,0 ,0 ,10 ,0 ,0 ,50 ,0 ,0 ,0 ,0 ,0 ,0 ,0 ,0 ,10 ,10 ,30 ,0 ,0 ,0 ,10 ,130 ,10 ,0 ,0 ,10 ,140 ,10 ,0 ,0 ,0 ,0 ,0 ,560 ,0 ,10 ,10 ,0 ,0 ,70 ,20 ,10 ,0 ,60 ,170 ,750 ,0 ,30 ,30 ,970 ,0 ,40 ,40 ,0 ,20 ,0 ,40 ,40 ,"5,820 ",10 ,90 ,90 ,140 ,610 ,0 ,"1,720 "
Aug-2018,"811,120 ",0 ,0 ,"161,640 ",0 ,"2,880 ",430 ,820 ,0 ,90 ,20 ,20 ,510 ,0 ,10 ,0 ,"3,700 ",0 ,0 ,640 ,0 ,0 ,"1,450 ",40 ,0 ,0 ,0 ,0 ,0 ,0 ,0 ,0 ,0 ,0 ,"64,080 ","8,630 ","1,670 ","1,790 ","18,170 ","17,170 ",10 ,160 ,10 ,"6,150 ","2,310 ","1,770 ",0 ,"1,040 ",0 ,60 ,"1,310 ","2,350 ",0 ,10 ,0 ,0 ,"11,330 ",270 ,"1,880 ",0 ,"5,170 ",100 ,140 ,220 ,310 ,170 ,270 ,860 ,20 ,470 ,210 ,30 ,290 ,20 ,80 ,870 ,600 ,630 ,110 ,260 ,"1,880 ","1,770 ",480 ,540 ,30 ,820 ,10 ,80 ,80 ,20 ,0 ,0 ,20 ,60 ,0 ,"2,100 ",950 ,900 ,410 ,480 ,"1,120 ",170 ,170 ,"1,440 ",440 ,"1,030 ","1,580 ",50 ,"1,220 ","1,610 ",210 ,"8,740 ","12,340 ",470 ,"19,840 ","52,020 ","17,280 ","30,080 ",240 ,"143,850 ","24,580 ",750 ,920 ,"18,740 ","60,340 ",0 ,"27,360 ","2,590 ",320 ,"44,670 ",90 ,"4,950 ","4,220 ","6,190 ","1,190 ",20 ,30 ,30 ,130 ,20 ,10 ,10 ,70 ,0 ,"12,560 ",0 ,"47,180 ","1,560 ",30 ,"5,730 ","2,450 ","2,220 ",140 ,0 ,0 ,10 ,30 ,470 ,0 ,150 ,240 ,0 ,10 ,60 ,40 ,40 ,20 ,740 ,10 ,20 ,0 ,0 ,0 ,20 ,10 ,0 ,60 ,10 ,40 ,0 ,0 ,0 ,40 ,0 ,0 ,0 ,10 ,0 ,0 ,60 ,0 ,0 ,0 ,0 ,0 ,0 ,0 ,0 ,0 ,10 ,10 ,0 ,0 ,0 ,10 ,250 ,10 ,0 ,0 ,0 ,140 ,10 ,0 ,20 ,10 ,0 ,10 ,440 ,0 ,10 ,20 ,0 ,10 ,70 ,30 ,10 ,0 ,90 ,150 ,580 ,10 ,30 ,20 ,890 ,0 ,30 ,30 ,0 ,10 ,0 ,30 ,20 ,"5,360 ",10 ,70 ,70 ,130 ,700 ,0 ,980 
Sep-2018,"859,310 ",0 ,0 ,"164,430 ",0 ,"3,280 ",630 ,"1,200 ",0 ,120 ,10 ,10 ,420 ,0 ,10 ,0 ,"4,290 ",0 ,0 ,660 ,0 ,0 ,"1,430 ",30 ,0 ,0 ,0 ,0 ,0 ,0 ,0 ,0 ,0 ,0 ,"71,740 ","9,100 ","1,790 ","2,250 ","17,300 ","20,270 ",10 ,70 ,10 ,"7,460 ","3,960 ","2,200 ",0 ,"1,190 ",0 ,100 ,"1,710 ","2,930 ",0 ,10 ,0 ,10 ,"9,960 ",300 ,"1,590 ",0 ,"4,870 ",90 ,140 ,300 ,340 ,160 ,340 ,990 ,20 ,490 ,270 ,30 ,350 ,40 ,80 ,"1,070 ",630 ,610 ,140 ,280 ,"2,070 ","1,900 ",480 ,520 ,30 ,840 ,10 ,110 ,100 ,40 ,0 ,0 ,20 ,30 ,0 ,"2,220 ",850 ,"1,330 ",340 ,100 ,"1,270 ",110 ,80 ,780 ,380 ,"1,080 ",260 ,40 ,850 ,"1,240 ",220 ,"7,760 ","10,790 ",480 ,"18,210 ","47,580 ","16,620 ","26,920 ",340 ,"121,580 ","16,120 ",390 ,700 ,"16,650 ","39,690 ",0 ,"26,660 ","2,510 ",180 ,"44,330 ",110 ,"4,440 ","4,670 ","5,950 ","1,210 ",30 ,30 ,20 ,130 ,10 ,10 ,0 ,110 ,0 ,"13,750 ",0 ,"49,060 ","2,000 ",20 ,"5,870 ","3,180 ","2,340 ",140 ,0 ,0 ,10 ,30 ,480 ,0 ,210 ,240 ,0 ,0 ,70 ,50 ,40 ,10 ,"1,270 ",10 ,20 ,0 ,0 ,0 ,20 ,10 ,0 ,30 ,0 ,40 ,0 ,0 ,0 ,50 ,0 ,0 ,0 ,10 ,10 ,10 ,60 ,0 ,0 ,0 ,0 ,0 ,0 ,0 ,0 ,10 ,0 ,20 ,0 ,20 ,0 ,10 ,140 ,10 ,0 ,0 ,0 ,120 ,10 ,0 ,10 ,10 ,0 ,0 ,390 ,0 ,10 ,20 ,10 ,0 ,70 ,30 ,0 ,0 ,110 ,170 ,560 ,10 ,10 ,30 ,870 ,0 ,20 ,40 ,0 ,10 ,0 ,30 ,40 ,"6,540 ",10 ,80 ,110 ,120 ,490 ,0 ,"2,310 "
Oct-2018,"1,013,830 ",0 ,0 ,"182,660 ",0 ,"3,070 ",550 ,850 ,0 ,180 ,10 ,20 ,450 ,0 ,0 ,0 ,"3,680 ",0 ,0 ,640 ,0 ,0 ,"1,450 ",40 ,0 ,0 ,0 ,0 ,0 ,0 ,0 ,0 ,0 ,0 ,"89,500 ","10,380 ","2,260 ","2,740 ","20,590 ","24,750 ",10 ,110 ,10 ,"9,530 ","4,570 ","3,320 ",0 ,"1,880 ",0 ,150 ,"1,840 ","3,970 ",0 ,0 ,0 ,0 ,"9,810 ",280 ,"1,550 ",10 ,"5,520 ",60 ,120 ,320 ,380 ,220 ,270 ,890 ,20 ,630 ,240 ,20 ,300 ,30 ,100 ,"1,220 ",650 ,780 ,140 ,370 ,"2,340 ","1,860 ",570 ,680 ,40 ,820 ,10 ,100 ,120 ,30 ,0 ,0 ,30 ,30 ,0 ,"2,220 ",770 ,"1,080 ",380 ,140 ,"1,150 ",140 ,40 ,860 ,350 ,"1,080 ",190 ,30 ,930 ,"1,660 ",220 ,"10,210 ","12,610 ",340 ,"19,390 ","38,410 ","18,750 ","23,970 ",530 ,"139,860 ","17,530 ",470 ,790 ,"15,920 ","42,670 ",0 ,"27,530 ","2,150 ",250 ,"45,220 ",80 ,"6,810 ","3,630 ","5,650 ","1,020 ",40 ,60 ,70 ,170 ,20 ,0 ,0 ,70 ,0 ,"18,200 ",0 ,"63,580 ","1,430 ",30 ,"5,860 ","2,750 ","2,250 ",120 ,0 ,0 ,10 ,20 ,460 ,0 ,230 ,240 ,0 ,10 ,60 ,40 ,50 ,20 ,"1,120 ",10 ,20 ,0 ,0 ,0 ,20 ,20 ,0 ,30 ,10 ,20 ,10 ,0 ,10 ,50 ,0 ,0 ,0 ,10 ,10 ,0 ,60 ,0 ,0 ,0 ,0 ,0 ,0 ,0 ,0 ,0 ,10 ,20 ,0 ,0 ,0 ,10 ,290 ,20 ,0 ,0 ,0 ,140 ,10 ,0 ,10 ,0 ,0 ,0 ,380 ,0 ,10 ,20 ,0 ,10 ,80 ,20 ,0 ,0 ,60 ,150 ,470 ,10 ,10 ,50 ,780 ,0 ,20 ,40 ,0 ,20 ,0 ,30 ,40 ,"6,280 ",0 ,70 ,70 ,120 ,530 ,0 ,"2,550 "
Nov-2018,"711,460 ",0 ,0 ,"153,420 ",0 ,"3,350 ",670 ,900 ,0 ,120 ,10 ,20 ,540 ,0 ,10 ,0 ,"4,980 ",0 ,0 ,700 ,0 ,0 ,"1,850 ",30 ,0 ,0 ,0 ,0 ,0 ,0 ,0 ,0 ,0 ,0 ,"89,080 ","8,870 ","2,210 ","2,400 ","19,150 ","23,680 ",20 ,100 ,10 ,"8,960 ","4,570 ","2,970 ",0 ,"2,070 ",0 ,130 ,"2,040 ","4,510 ",0 ,0 ,0 ,0 ,"9,400 ",290 ,"1,750 ",0 ,"4,800 ",70 ,150 ,330 ,440 ,210 ,330 ,950 ,30 ,800 ,320 ,30 ,350 ,20 ,110 ,"1,470 ",680 ,910 ,240 ,410 ,"3,440 ","2,280 ",670 ,640 ,20 ,750 ,20 ,100 ,80 ,20 ,0 ,0 ,30 ,30 ,0 ,"2,230 ",610 ,"1,150 ",300 ,140 ,"1,020 ",110 ,30 ,680 ,230 ,"1,020 ",190 ,40 ,"1,040 ","1,280 ",170 ,"7,570 ","10,460 ",590 ,"17,930 ","48,970 ","16,590 ","37,840 ",540 ,"130,640 ","16,790 ",350 ,870 ,"14,570 ","44,280 ",0 ,"30,580 ","2,050 ",190 ,"54,060 ",100 ,"8,270 ","3,540 ","6,160 ",930 ,50 ,40 ,40 ,150 ,30 ,10 ,0 ,140 ,0 ,"21,570 ",0 ,"74,920 ","1,970 ",50 ,"5,860 ","2,530 ","2,600 ",160 ,0 ,0 ,10 ,40 ,510 ,0 ,180 ,290 ,0 ,10 ,50 ,50 ,40 ,20 ,"1,360 ",10 ,30 ,0 ,0 ,0 ,10 ,20 ,0 ,40 ,10 ,30 ,10 ,0 ,10 ,50 ,0 ,0 ,0 ,10 ,10 ,0 ,60 ,0 ,0 ,0 ,0 ,0 ,0 ,0 ,0 ,0 ,10 ,10 ,0 ,30 ,0 ,0 ,260 ,10 ,0 ,0 ,0 ,250 ,10 ,0 ,10 ,10 ,0 ,0 ,860 ,0 ,10 ,10 ,0 ,0 ,70 ,20 ,0 ,0 ,40 ,130 ,560 ,10 ,10 ,30 ,"1,160 ",0 ,30 ,30 ,0 ,20 ,0 ,40 ,20 ,"6,410 ",0 ,60 ,150 ,110 ,450 ,0 ,970 
Dec-2018,"691,500 ",0 ,0 ,"160,360 ",0 ,"4,550 ",850 ,680 ,0 ,140 ,0 ,30 ,440 ,0 ,0 ,0 ,"7,450 ",0 ,0 ,"1,210 ",0 ,0 ,"2,000 ",40 ,0 ,0 ,0 ,0 ,0 ,0 ,0 ,0 ,0 ,0 ,"130,340 ","14,560 ","3,320 ","3,030 ","27,270 ","34,080 ",30 ,120 ,10 ,"11,460 ","8,320 ","5,280 ",0 ,"3,540 ",0 ,210 ,"4,240 ","11,350 ",0 ,10 ,0 ,0 ,"13,860 ",510 ,"2,470 ",0 ,"5,820 ",110 ,280 ,490 ,890 ,390 ,540 ,"1,640 ",40 ,"1,290 ",510 ,70 ,650 ,30 ,140 ,"1,990 ",740 ,"1,430 ",410 ,500 ,"3,750 ","4,050 ","1,090 ",970 ,40 ,960 ,20 ,100 ,80 ,30 ,0 ,0 ,30 ,40 ,0 ,"2,480 ",620 ,"1,750 ",420 ,160 ,"1,380 ",140 ,50 ,890 ,270 ,"1,190 ",140 ,40 ,"1,260 ","1,540 ",290 ,"8,740 ","12,060 ",570 ,"27,350 ","47,050 ","19,510 ","38,940 ",330 ,"136,670 ","25,690 ",700 ,900 ,"15,690 ","50,680 ",0 ,"35,230 ","3,070 ",340 ,"61,140 ",140 ,"8,070 ","4,520 ","8,890 ",840 ,80 ,40 ,20 ,240 ,50 ,10 ,20 ,90 ,0 ,"27,260 ",0 ,"95,880 ","2,990 ",60 ,"7,790 ","2,970 ","3,150 ",240 ,0 ,0 ,10 ,80 ,670 ,0 ,220 ,270 ,0 ,0 ,190 ,50 ,50 ,20 ,"2,160 ",20 ,40 ,0 ,10 ,0 ,10 ,20 ,0 ,40 ,10 ,40 ,10 ,0 ,10 ,60 ,0 ,0 ,0 ,10 ,10 ,0 ,70 ,0 ,0 ,0 ,0 ,0 ,0 ,0 ,0 ,0 ,0 ,20 ,0 ,0 ,0 ,10 ,200 ,10 ,0 ,0 ,0 ,160 ,10 ,0 ,20 ,10 ,0 ,0 ,430 ,0 ,10 ,10 ,0 ,0 ,100 ,30 ,0 ,0 ,50 ,120 ,960 ,0 ,10 ,40 ,"1,540 ",0 ,60 ,60 ,0 ,10 ,0 ,110 ,30 ,"12,350 ",10 ,100 ,80 ,170 ,"1,010 ",0 ,530 
Jan-2019,"1,151,960 ",0 ,0 ,"178,550 ",0 ,"3,840 ",690 ,630 ,0 ,170 ,0 ,10 ,290 ,0 ,0 ,0 ,"4,390 ",0 ,0 ,450 ,0 ,0 ,"1,230 ",30 ,0 ,0 ,0 ,0 ,0 ,0 ,0 ,0 ,0 ,0 ,"106,140 ","15,190 ","2,480 ","2,450 ","25,370 ","24,630 ",30 ,110 ,0 ,"9,200 ","5,660 ","4,270 ",0 ,"2,250 ",0 ,120 ,"2,600 ","5,820 ",0 ,10 ,0 ,0 ,"10,990 ",320 ,"1,680 ",0 ,"5,390 ",70 ,190 ,340 ,460 ,200 ,300 ,990 ,30 ,770 ,360 ,50 ,500 ,20 ,150 ,"1,890 ",750 ,"1,190 ",230 ,420 ,"3,510 ","3,010 ",960 ,720 ,50 ,"1,220 ",40 ,140 ,160 ,40 ,0 ,0 ,20 ,40 ,0 ,"2,370 ",510 ,"1,420 ",450 ,160 ,"1,120 ",280 ,40 ,"2,220 ",390 ,"1,160 ",230 ,60 ,"1,160 ","1,920 ",250 ,"7,530 ","12,830 ",280 ,"18,760 ","28,170 ","21,460 ","16,060 ",310 ,"188,590 ","15,430 ",430 ,850 ,"16,300 ","34,500 ",0 ,"39,020 ","2,820 ",590 ,"62,710 ",130 ,"4,930 ","6,610 ","7,360 ",960 ,50 ,50 ,30 ,250 ,30 ,0 ,10 ,90 ,0 ,"22,720 ",0 ,"73,030 ","2,580 ",40 ,"8,320 ","2,980 ","4,280 ",190 ,0 ,0 ,10 ,50 ,600 ,0 ,220 ,300 ,0 ,0 ,90 ,60 ,70 ,20 ,"1,760 ",20 ,40 ,0 ,0 ,0 ,10 ,20 ,0 ,50 ,0 ,20 ,10 ,0 ,0 ,70 ,0 ,0 ,0 ,10 ,10 ,0 ,70 ,0 ,0 ,0 ,0 ,0 ,0 ,0 ,0 ,0 ,0 ,20 ,10 ,0 ,0 ,0 ,220 ,20 ,0 ,0 ,0 ,140 ,0 ,0 ,10 ,0 ,0 ,10 ,740 ,0 ,10 ,30 ,10 ,10 ,120 ,30 ,0 ,0 ,80 ,120 ,"1,250 ",10 ,20 ,50 ,"1,140 ",0 ,50 ,30 ,0 ,10 ,0 ,50 ,40 ,"7,530 ",0 ,120 ,120 ,170 ,930 ,0 ,420 
Feb-2019,"629,280 ",0 ,0 ,"130,990 ",0 ,"2,780 ",440 ,700 ,0 ,140 ,10 ,10 ,260 ,0 ,20 ,0 ,"3,930 ",0 ,0 ,560 ,0 ,0 ,"1,310 ",40 ,0 ,0 ,0 ,0 ,0 ,0 ,0 ,0 ,0 ,0 ,"102,390 ","8,850 ","2,600 ","2,380 ","22,480 ","29,840 ",20 ,120 ,0 ,"8,550 ","4,910 ","4,220 ",0 ,"2,080 ",0 ,170 ,"2,920 ","5,750 ",0 ,10 ,0 ,0 ,"8,910 ",200 ,"1,660 ",0 ,"4,360 ",60 ,170 ,390 ,490 ,200 ,270 ,970 ,40 ,700 ,440 ,30 ,400 ,20 ,90 ,"1,870 ",580 ,"1,150 ",210 ,450 ,"3,410 ","2,320 ",730 ,710 ,30 ,880 ,20 ,140 ,170 ,30 ,0 ,0 ,20 ,50 ,0 ,"2,060 ",630 ,"1,290 ",340 ,360 ,"1,050 ",520 ,30 ,"3,860 ",310 ,970 ,270 ,50 ,"1,630 ","2,130 ",270 ,"7,900 ","21,680 ",520 ,"22,080 ","45,660 ","16,760 ","25,020 ",280 ,"252,850 ","31,140 ",880 ,720 ,"23,090 ","46,630 ",0 ,"37,040 ","4,180 ",850 ,"75,070 ",170 ,"8,390 ","7,020 ","7,930 ","1,310 ",30 ,20 ,20 ,170 ,30 ,0 ,0 ,90 ,0 ,"26,480 ",0 ,"84,180 ","2,290 ",40 ,"6,630 ","3,810 ","2,900 ",210 ,0 ,0 ,10 ,70 ,610 ,10 ,220 ,200 ,0 ,10 ,90 ,50 ,40 ,20 ,"1,340 ",10 ,60 ,0 ,10 ,0 ,10 ,20 ,0 ,20 ,10 ,20 ,10 ,0 ,0 ,60 ,0 ,0 ,0 ,10 ,20 ,0 ,60 ,0 ,0 ,0 ,0 ,0 ,0 ,0 ,0 ,10 ,0 ,20 ,0 ,0 ,0 ,0 ,360 ,10 ,0 ,0 ,10 ,180 ,0 ,0 ,40 ,0 ,0 ,0 ,560 ,0 ,0 ,30 ,0 ,0 ,70 ,40 ,0 ,0 ,100 ,260 ,930 ,10 ,20 ,30 ,"1,100 ",0 ,40 ,40 ,0 ,20 ,0 ,30 ,20 ,"5,200 ",0 ,110 ,90 ,120 ,540 ,0 ,590 
Mar-2019,"654,110 ",0 ,0 ,"150,370 ",0 ,"2,890 ",440 ,710 ,0 ,100 ,10 ,20 ,460 ,0 ,10 ,0 ,"4,010 ",0 ,0 ,650 ,0 ,0 ,"1,160 ",50 ,0 ,0 ,0 ,0 ,0 ,0 ,0 ,0 ,0 ,0 ,"91,500 ","9,350 ","2,170 ","2,050 ","19,690 ","24,720 ",20 ,130 ,20 ,"8,360 ","4,360 ","3,140 ",0 ,"1,620 ",0 ,140 ,"1,960 ","4,020 ",0 ,10 ,0 ,0 ,"8,410 ",180 ,"1,430 ",0 ,"4,080 ",70 ,90 ,260 ,390 ,120 ,190 ,750 ,10 ,610 ,280 ,30 ,270 ,10 ,100 ,"1,330 ",540 ,810 ,180 ,480 ,"2,720 ","2,180 ",600 ,620 ,30 ,640 ,10 ,80 ,90 ,40 ,0 ,0 ,30 ,50 ,0 ,"2,590 ","1,030 ","1,140 ",290 ,180 ,740 ,280 ,50 ,"1,620 ",440 ,810 ,290 ,30 ,"1,270 ","1,320 ",240 ,"9,090 ","13,410 ",510 ,"19,570 ","39,340 ","17,160 ","27,590 ",360 ,"151,630 ","18,170 ",440 ,660 ,"17,060 ","54,860 ",0 ,"31,540 ","3,360 ",400 ,"64,000 ",100 ,"8,130 ","5,470 ","6,340 ","1,070 ",10 ,30 ,20 ,180 ,30 ,20 ,0 ,50 ,0 ,"24,640 ",0 ,"90,120 ","2,740 ",40 ,"7,360 ","3,390 ","2,430 ",170 ,0 ,0 ,10 ,40 ,540 ,0 ,570 ,200 ,0 ,10 ,90 ,60 ,40 ,20 ,"1,130 ",10 ,40 ,0 ,0 ,0 ,20 ,10 ,0 ,10 ,20 ,30 ,10 ,0 ,0 ,40 ,0 ,0 ,0 ,10 ,10 ,10 ,50 ,0 ,0 ,0 ,0 ,0 ,0 ,0 ,0 ,0 ,0 ,20 ,0 ,0 ,0 ,10 ,140 ,10 ,0 ,0 ,0 ,130 ,0 ,0 ,10 ,0 ,0 ,0 ,360 ,0 ,10 ,10 ,0 ,10 ,40 ,20 ,0 ,0 ,50 ,190 ,650 ,10 ,10 ,30 ,730 ,0 ,20 ,30 ,0 ,20 ,0 ,50 ,40 ,"6,680 ",0 ,80 ,70 ,90 ,460 ,0 ,"1,300 "
Apr-2019,"809,630 ",0 ,0 ,"163,130 ",0 ,"3,500 ",460 ,690 ,0 ,100 ,10 ,10 ,360 ,0 ,0 ,0 ,"4,270 ",0 ,0 ,600 ,0 ,0 ,"1,400 ",40 ,0 ,0 ,0 ,0 ,0 ,0 ,0 ,0 ,0 ,0 ,"83,960 ","9,720 ","1,450 ","2,140 ","16,990 ","17,900 ",10 ,80 ,10 ,"7,020 ","3,520 ","2,450 ",0 ,"1,160 ",0 ,160 ,"1,990 ","3,000 ",0 ,10 ,0 ,0 ,"6,850 ",170 ,"1,530 ",0 ,"3,970 ",70 ,60 ,210 ,320 ,130 ,150 ,660 ,20 ,460 ,160 ,20 ,210 ,10 ,90 ,990 ,370 ,590 ,140 ,280 ,"1,720 ","1,800 ",470 ,440 ,20 ,690 ,10 ,100 ,120 ,30 ,0 ,0 ,20 ,40 ,0 ,"2,420 ",820 ,"1,260 ",280 ,120 ,800 ,90 ,20 ,"1,120 ",350 ,700 ,200 ,30 ,"1,500 ","2,350 ",200 ,"14,890 ","11,540 ",350 ,"17,870 ","36,670 ","23,070 ","22,470 ",370 ,"132,360 ","23,830 ",500 ,510 ,"14,730 ","36,070 ",0 ,"23,090 ","2,460 ",310 ,"53,450 ",90 ,"5,080 ","4,780 ","7,390 ","1,050 ",30 ,30 ,20 ,110 ,10 ,10 ,0 ,60 ,0 ,"17,830 ",0 ,"63,270 ","1,730 ",40 ,"6,420 ","2,700 ","2,400 ",150 ,0 ,0 ,10 ,20 ,470 ,0 ,230 ,180 ,0 ,0 ,120 ,50 ,50 ,40 ,"1,550 ",10 ,30 ,0 ,0 ,0 ,10 ,30 ,0 ,30 ,10 ,70 ,0 ,0 ,0 ,40 ,0 ,0 ,0 ,10 ,10 ,0 ,80 ,0 ,0 ,0 ,0 ,0 ,0 ,0 ,0 ,0 ,0 ,10 ,0 ,20 ,0 ,0 ,240 ,10 ,0 ,0 ,0 ,130 ,0 ,0 ,10 ,0 ,0 ,0 ,380 ,0 ,0 ,10 ,0 ,10 ,60 ,10 ,0 ,0 ,70 ,120 ,630 ,0 ,10 ,30 ,720 ,0 ,10 ,40 ,0 ,20 ,0 ,20 ,20 ,"7,250 ",10 ,70 ,110 ,90 ,600 ,0 ,"2,100 "
May-2019,"750,600 ",0 ,0 ,"152,810 ",0 ,"3,060 ",610 ,"1,060 ",0 ,260 ,10 ,30 ,340 ,0 ,10 ,0 ,"3,890 ",0 ,0 ,670 ,0 ,0 ,"1,710 ",30 ,0 ,0 ,0 ,0 ,0 ,0 ,0 ,0 ,0 ,0 ,"52,270 ","6,720 ","1,070 ","1,470 ","14,480 ","12,380 ",10 ,50 ,0 ,"5,210 ","2,070 ","1,460 ",0 ,810 ,0 ,90 ,"1,010 ","1,740 ",0 ,0 ,0 ,0 ,"6,130 ",140 ,"1,010 ",0 ,"3,090 ",30 ,70 ,150 ,220 ,90 ,170 ,550 ,10 ,390 ,150 ,10 ,210 ,20 ,80 ,680 ,280 ,450 ,80 ,230 ,"1,380 ","1,450 ",330 ,470 ,30 ,650 ,10 ,60 ,90 ,30 ,0 ,0 ,10 ,10 ,0 ,"2,000 ","1,660 ",840 ,220 ,60 ,770 ,60 ,20 ,790 ,470 ,620 ,80 ,20 ,"1,140 ","1,500 ",200 ,"10,440 ","11,380 ",420 ,"26,720 ","51,730 ","23,010 ","32,110 ",410 ,"123,570 ","17,730 ",440 ,530 ,"15,940 ","31,050 ",0 ,"24,370 ","2,350 ",280 ,"62,220 ",50 ,"6,750 ","3,900 ","5,120 ","1,300 ",30 ,30 ,20 ,100 ,20 ,0 ,0 ,50 ,0 ,"12,460 ",0 ,"56,840 ","1,410 ",30 ,"5,440 ","2,380 ","2,440 ",110 ,0 ,0 ,10 ,20 ,440 ,0 ,250 ,220 ,0 ,0 ,100 ,30 ,30 ,20 ,980 ,10 ,20 ,0 ,10 ,0 ,10 ,10 ,0 ,20 ,0 ,20 ,0 ,0 ,0 ,40 ,0 ,0 ,0 ,10 ,0 ,0 ,50 ,0 ,0 ,0 ,0 ,0 ,0 ,0 ,0 ,0 ,0 ,10 ,0 ,20 ,0 ,10 ,150 ,10 ,0 ,0 ,0 ,120 ,10 ,0 ,10 ,10 ,0 ,0 ,380 ,0 ,10 ,20 ,0 ,0 ,70 ,20 ,0 ,0 ,60 ,150 ,540 ,0 ,20 ,20 ,670 ,0 ,20 ,40 ,0 ,10 ,0 ,40 ,30 ,"5,110 ",10 ,60 ,70 ,100 ,470 ,0 ,"1,110 "
Jun-2019,"739,530 ",0 ,0 ,"144,970 ",0 ,"3,300 ",560 ,810 ,0 ,180 ,10 ,20 ,330 ,0 ,10 ,0 ,"3,660 ",0 ,0 ,570 ,0 ,0 ,"1,220 ",30 ,0 ,0 ,0 ,0 ,0 ,0 ,0 ,0 ,0 ,0 ,"50,640 ","7,230 ","1,100 ","1,500 ","14,740 ","11,810 ",0 ,50 ,0 ,"4,910 ","1,800 ","1,580 ",0 ,980 ,0 ,70 ,"1,440 ","2,060 ",0 ,0 ,0 ,0 ,"6,160 ",150 ,"1,080 ",0 ,"2,910 ",40 ,110 ,190 ,290 ,130 ,170 ,560 ,20 ,340 ,190 ,20 ,230 ,10 ,70 ,690 ,280 ,470 ,110 ,220 ,"1,460 ","1,470 ",380 ,390 ,20 ,730 ,10 ,90 ,90 ,30 ,0 ,0 ,30 ,40 ,0 ,"1,600 ","1,530 ",640 ,280 ,260 ,780 ,230 ,140 ,"1,780 ",350 ,810 ,360 ,30 ,"1,120 ","1,440 ",320 ,"8,130 ","14,750 ",490 ,"37,590 ","41,790 ","20,480 ","49,950 ",330 ,"107,030 ","17,150 ",410 ,590 ,"17,600 ","27,520 ",0 ,"24,560 ","2,390 ",370 ,"53,800 ",90 ,"5,430 ","4,300 ","4,700 ","1,090 ",30 ,30 ,20 ,130 ,20 ,0 ,0 ,50 ,0 ,"10,800 ",0 ,"62,000 ","1,230 ",30 ,"4,920 ","1,980 ","2,490 ",130 ,0 ,0 ,10 ,20 ,460 ,0 ,200 ,190 ,0 ,0 ,50 ,30 ,40 ,10 ,"1,190 ",10 ,30 ,0 ,0 ,0 ,20 ,20 ,0 ,30 ,10 ,20 ,0 ,0 ,10 ,50 ,0 ,0 ,0 ,0 ,0 ,0 ,50 ,0 ,0 ,0 ,0 ,0 ,0 ,0 ,0 ,0 ,0 ,20 ,0 ,0 ,0 ,0 ,140 ,10 ,0 ,0 ,0 ,140 ,10 ,0 ,0 ,0 ,0 ,0 ,380 ,0 ,20 ,10 ,0 ,10 ,60 ,10 ,0 ,0 ,70 ,190 ,500 ,0 ,10 ,20 ,650 ,0 ,10 ,30 ,0 ,20 ,0 ,30 ,20 ,"5,870 ",0 ,70 ,60 ,80 ,510 ,0 ,"1,340 "
Jul-2019,"1,009,170 ",0 ,0 ,"171,860 ",0 ,"3,940 ",660 ,600 ,0 ,120 ,10 ,10 ,520 ,0 ,0 ,0 ,"3,530 ",0 ,0 ,600 ,0 ,0 ,"1,200 ",50 ,0 ,0 ,0 ,0 ,0 ,0 ,0 ,0 ,0 ,0 ,"66,050 ","8,810 ","2,320 ","2,690 ","20,010 ","19,180 ",10 ,150 ,10 ,"10,530 ","3,980 ","3,170 ",0 ,"1,010 ",0 ,90 ,"2,550 ","2,880 ",0 ,10 ,0 ,0 ,"9,450 ",210 ,"1,610 ",0 ,"5,060 ",50 ,100 ,180 ,330 ,160 ,180 ,700 ,20 ,400 ,250 ,20 ,270 ,20 ,110 ,860 ,420 ,640 ,170 ,280 ,"1,730 ","1,930 ",410 ,550 ,60 ,960 ,10 ,80 ,90 ,20 ,0 ,0 ,20 ,90 ,0 ,"1,990 ","1,220 ","1,150 ",400 ,710 ,830 ,490 ,460 ,"2,850 ",280 ,970 ,"2,700 ",40 ,"1,280 ","1,870 ",380 ,"9,790 ","18,470 ",670 ,"26,130 ","40,860 ","19,120 ","26,700 ",410 ,"187,830 ","27,150 ","1,010 ",810 ,"18,200 ","45,060 ",0 ,"26,940 ","3,040 ",630 ,"53,630 ",120 ,"6,560 ","4,120 ","6,300 ",810 ,30 ,40 ,10 ,160 ,30 ,10 ,10 ,60 ,0 ,"14,240 ",0 ,"63,090 ","1,610 ",30 ,"6,230 ","2,620 ","2,480 ",190 ,0 ,0 ,0 ,40 ,630 ,10 ,150 ,190 ,0 ,10 ,60 ,30 ,50 ,30 ,"1,610 ",10 ,30 ,0 ,10 ,0 ,10 ,10 ,0 ,40 ,0 ,20 ,10 ,0 ,10 ,50 ,0 ,0 ,0 ,20 ,10 ,0 ,40 ,0 ,0 ,0 ,0 ,0 ,0 ,0 ,0 ,0 ,10 ,10 ,0 ,0 ,0 ,0 ,210 ,10 ,0 ,0 ,0 ,160 ,10 ,0 ,10 ,0 ,0 ,0 ,480 ,0 ,0 ,20 ,0 ,10 ,100 ,30 ,0 ,0 ,90 ,180 ,710 ,10 ,10 ,30 ,940 ,0 ,50 ,30 ,0 ,20 ,0 ,40 ,30 ,"5,760 ",10 ,80 ,90 ,120 ,590 ,0 ,"4,250 "
Aug-2019,"823,500 ",0 ,0 ,"163,330 ",0 ,"3,500 ",460 ,900 ,0 ,120 ,10 ,10 ,470 ,0 ,20 ,0 ,"4,280 ",0 ,0 ,570 ,0 ,0 ,"1,150 ",40 ,0 ,0 ,0 ,0 ,0 ,0 ,0 ,0 ,0 ,0 ,"62,180 ","8,830 ","1,600 ","1,830 ","18,820 ","17,030 ",10 ,140 ,10 ,"5,880 ","2,240 ","1,600 ",0 ,960 ,0 ,80 ,"1,180 ","2,220 ",0 ,10 ,0 ,0 ,"11,030 ",350 ,"1,770 ",0 ,"5,090 ",90 ,110 ,230 ,370 ,150 ,270 ,820 ,10 ,460 ,190 ,30 ,280 ,30 ,70 ,900 ,620 ,570 ,100 ,300 ,"1,930 ","1,740 ",470 ,550 ,30 ,900 ,10 ,100 ,130 ,50 ,0 ,0 ,20 ,100 ,0 ,"2,090 ","1,210 ",850 ,410 ,490 ,"1,110 ",190 ,220 ,"1,450 ",420 ,"1,010 ","1,470 ",40 ,"1,200 ","1,730 ",330 ,"10,420 ","13,970 ",510 ,"21,120 ","55,970 ","19,160 ","33,690 ",300 ,"153,180 ","28,760 ",950 ,"1,070 ","21,600 ","62,750 ",0 ,"26,680 ","3,030 ",380 ,"53,180 ",130 ,"5,510 ","4,790 ","6,360 ","1,190 ",20 ,20 ,20 ,140 ,30 ,10 ,10 ,100 ,0 ,"13,790 ",0 ,"53,970 ","1,430 ",30 ,"5,840 ","2,190 ","2,530 ",150 ,0 ,0 ,0 ,20 ,560 ,0 ,180 ,210 ,0 ,10 ,40 ,80 ,30 ,30 ,"1,000 ",10 ,40 ,0 ,0 ,0 ,50 ,20 ,0 ,30 ,10 ,20 ,10 ,0 ,10 ,40 ,0 ,0 ,0 ,0 ,0 ,0 ,40 ,0 ,0 ,0 ,0 ,0 ,0 ,0 ,0 ,0 ,0 ,20 ,0 ,0 ,0 ,0 ,170 ,10 ,0 ,0 ,0 ,160 ,10 ,0 ,10 ,10 ,0 ,0 ,490 ,0 ,10 ,20 ,0 ,0 ,70 ,30 ,10 ,0 ,180 ,230 ,580 ,10 ,10 ,30 ,710 ,0 ,20 ,20 ,0 ,20 ,0 ,20 ,40 ,"5,590 ",0 ,70 ,50 ,110 ,570 ,0 ,"1,260 "
Sep-2019,"873,520 ",0 ,0 ,"166,900 ",0 ,"3,610 ",630 ,"1,400 ",0 ,140 ,10 ,20 ,660 ,0 ,10 ,0 ,"3,970 ",0 ,0 ,710 ,0 ,0 ,"1,300 ",20 ,0 ,0 ,0 ,0 ,0 ,0 ,0 ,0 ,0 ,0 ,"67,670 ","9,020 ","1,750 ","2,150 ","17,630 ","18,860 ",10 ,80 ,10 ,"7,170 ","3,430 ","2,170 ",0 ,"1,190 ",0 ,90 ,"1,380 ","2,550 ",0 ,10 ,0 ,0 ,"9,500 ",270 ,"1,420 ",0 ,"4,820 ",120 ,160 ,220 ,400 ,120 ,310 ,"1,080 ",20 ,560 ,200 ,30 ,330 ,40 ,80 ,"1,070 ",490 ,600 ,120 ,300 ,"1,980 ","1,860 ",480 ,560 ,30 ,790 ,10 ,130 ,100 ,50 ,0 ,0 ,20 ,40 ,0 ,"2,110 ",900 ,"1,340 ",290 ,110 ,"1,130 ",140 ,20 ,800 ,390 ,"1,120 ",170 ,40 ,"1,100 ","1,780 ",210 ,"8,120 ","12,590 ",540 ,"19,570 ","43,210 ","17,840 ","29,740 ",300 ,"124,330 ","16,520 ",430 ,710 ,"16,290 ","42,690 ",0 ,"25,120 ","2,420 ",260 ,"49,520 ",110 ,"5,440 ","4,320 ","6,070 ",890 ,50 ,30 ,20 ,160 ,20 ,10 ,10 ,60 ,0 ,"13,730 ",0 ,"50,790 ","1,800 ",20 ,"6,230 ","3,150 ","2,530 ",140 ,0 ,0 ,10 ,30 ,490 ,0 ,200 ,220 ,0 ,0 ,60 ,60 ,60 ,10 ,"1,270 ",0 ,30 ,0 ,10 ,0 ,10 ,30 ,0 ,30 ,0 ,20 ,0 ,0 ,0 ,30 ,0 ,0 ,0 ,0 ,10 ,10 ,50 ,0 ,0 ,0 ,0 ,0 ,0 ,0 ,0 ,0 ,10 ,20 ,0 ,10 ,0 ,10 ,150 ,10 ,0 ,0 ,0 ,150 ,20 ,0 ,10 ,20 ,0 ,0 ,420 ,0 ,10 ,10 ,0 ,10 ,80 ,40 ,0 ,0 ,80 ,180 ,600 ,0 ,10 ,40 ,880 ,0 ,10 ,30 ,0 ,20 ,0 ,30 ,40 ,"6,740 ",10 ,80 ,90 ,120 ,600 ,0 ,"2,220 "
Oct-2019,"1,013,740 ",0 ,0 ,"186,600 ",0 ,"3,720 ",730 ,"1,130 ",0 ,150 ,10 ,20 ,540 ,0 ,10 ,0 ,"3,940 ",0 ,0 ,700 ,0 ,0 ,"1,520 ",40 ,0 ,0 ,0 ,0 ,0 ,0 ,0 ,0 ,0 ,0 ,"87,910 ","10,340 ","2,230 ","2,600 ","21,580 ","23,940 ",10 ,90 ,0 ,"9,490 ","4,260 ","3,070 ",0 ,"1,610 ",0 ,140 ,"1,830 ","3,850 ",0 ,10 ,0 ,0 ,"9,530 ",260 ,"1,540 ",0 ,"5,480 ",60 ,110 ,260 ,340 ,150 ,240 ,880 ,50 ,600 ,260 ,30 ,370 ,30 ,110 ,"1,290 ",550 ,740 ,200 ,330 ,"2,570 ","2,180 ",510 ,570 ,40 ,870 ,20 ,120 ,70 ,30 ,0 ,0 ,20 ,40 ,0 ,"1,970 ","1,170 ","1,420 ",360 ,100 ,930 ,150 ,70 ,920 ,330 ,"1,100 ",210 ,50 ,"1,250 ","1,510 ",220 ,"10,760 ","13,680 ",440 ,"20,440 ","40,380 ","19,800 ","26,580 ",530 ,"137,930 ","17,380 ",480 ,690 ,"17,640 ","43,030 ",0 ,"27,190 ","2,270 ",300 ,"47,500 ",120 ,"6,610 ","3,840 ","6,070 ","1,010 ",30 ,40 ,40 ,150 ,30 ,0 ,0 ,80 ,0 ,"17,830 ",0 ,"63,480 ","1,750 ",50 ,"6,340 ","2,500 ","2,570 ",180 ,0 ,0 ,10 ,30 ,500 ,0 ,190 ,270 ,0 ,10 ,80 ,60 ,50 ,10 ,"1,210 ",20 ,20 ,0 ,10 ,0 ,10 ,40 ,0 ,30 ,10 ,20 ,0 ,0 ,10 ,50 ,0 ,0 ,0 ,10 ,0 ,0 ,60 ,0 ,0 ,0 ,0 ,0 ,0 ,0 ,0 ,0 ,0 ,20 ,0 ,0 ,0 ,10 ,180 ,10 ,0 ,0 ,10 ,110 ,0 ,0 ,10 ,0 ,0 ,0 ,390 ,0 ,10 ,10 ,0 ,0 ,80 ,30 ,0 ,0 ,140 ,260 ,590 ,10 ,20 ,30 ,800 ,0 ,20 ,50 ,0 ,20 ,0 ,40 ,20 ,"6,360 ",0 ,70 ,70 ,120 ,510 ,0 ,"2,500 "
Nov-2019,"746,080 ",0 ,0 ,"157,990 ",0 ,"3,530 ",720 ,"1,220 ",0 ,190 ,10 ,30 ,410 ,0 ,20 ,0 ,"4,840 ",0 ,0 ,760 ,0 ,0 ,"2,050 ",70 ,0 ,0 ,0 ,0 ,0 ,0 ,0 ,0 ,0 ,0 ,"89,250 ","9,170 ","2,010 ","2,580 ","20,800 ","21,950 ",10 ,120 ,10 ,"8,850 ","4,320 ","3,050 ",0 ,"1,990 ",0 ,100 ,"2,070 ","4,070 ",0 ,0 ,0 ,0 ,"9,580 ",320 ,"1,450 ",0 ,"4,760 ",60 ,150 ,370 ,460 ,160 ,410 ,900 ,40 ,950 ,300 ,20 ,470 ,10 ,120 ,"1,310 ",600 ,950 ,250 ,370 ,"3,680 ","2,270 ",690 ,640 ,20 ,790 ,0 ,90 ,90 ,40 ,0 ,0 ,20 ,40 ,0 ,"2,320 ","1,220 ","1,140 ",360 ,150 ,970 ,70 ,30 ,830 ,230 ,"1,030 ",170 ,20 ,"1,280 ","1,500 ",240 ,"8,310 ","12,790 ",510 ,"18,820 ","46,010 ","16,470 ","39,050 ",780 ,"128,210 ","17,810 ",370 ,620 ,"15,400 ","46,490 ",0 ,"32,230 ","2,400 ",400 ,"60,460 ",120 ,"9,420 ","4,100 ","6,310 ","1,040 ",50 ,40 ,20 ,150 ,20 ,10 ,0 ,70 ,0 ,"20,800 ",0 ,"74,500 ","2,120 ",50 ,"6,160 ","2,310 ","3,010 ",170 ,0 ,0 ,0 ,30 ,550 ,0 ,200 ,250 ,0 ,10 ,120 ,50 ,40 ,20 ,"1,340 ",10 ,40 ,0 ,10 ,0 ,20 ,40 ,0 ,30 ,10 ,30 ,10 ,0 ,10 ,60 ,0 ,0 ,0 ,10 ,0 ,0 ,70 ,0 ,0 ,0 ,0 ,0 ,0 ,0 ,0 ,0 ,0 ,20 ,0 ,50 ,0 ,10 ,160 ,10 ,0 ,0 ,0 ,150 ,0 ,0 ,10 ,0 ,0 ,0 ,410 ,0 ,10 ,10 ,0 ,0 ,80 ,50 ,0 ,0 ,80 ,200 ,700 ,10 ,10 ,40 ,"1,030 ",0 ,10 ,30 ,0 ,20 ,0 ,30 ,30 ,"6,720 ",10 ,80 ,70 ,110 ,560 ,0 ,920 
Dec-2019,"709,350 ",0 ,0 ,"176,600 ",0 ,"4,290 ",690 ,780 ,0 ,190 ,10 ,10 ,580 ,0 ,10 ,0 ,"7,150 ",0 ,0 ,"1,020 ",0 ,0 ,"1,900 ",60 ,0 ,0 ,0 ,0 ,0 ,0 ,0 ,0 ,0 ,0 ,"127,610 ","15,110 ","3,240 ","2,970 ","27,390 ","33,350 ",30 ,180 ,10 ,"10,830 ","7,440 ","5,270 ",0 ,"3,440 ",0 ,200 ,"4,460 ","10,400 ",0 ,0 ,0 ,0 ,"14,190 ",510 ,"2,480 ",10 ,"5,980 ",110 ,280 ,500 ,940 ,440 ,590 ,"1,640 ",50 ,"1,310 ",530 ,50 ,680 ,30 ,190 ,"1,970 ",720 ,"1,550 ",330 ,490 ,"4,060 ","4,250 ","1,050 ",820 ,30 ,990 ,10 ,120 ,70 ,50 ,0 ,0 ,30 ,50 ,0 ,"2,600 ","1,130 ","1,830 ",410 ,160 ,"1,180 ",200 ,30 ,820 ,230 ,"1,250 ",210 ,40 ,"1,220 ","1,880 ",320 ,"9,380 ","12,170 ",730 ,"27,700 ","45,850 ","18,780 ","37,260 ",440 ,"133,030 ","26,120 ",690 ,890 ,"14,560 ","53,890 ",0 ,"38,120 ","3,360 ",470 ,"66,250 ",180 ,"9,130 ","4,830 ","9,330 ","1,070 ",70 ,30 ,30 ,310 ,50 ,10 ,10 ,90 ,0 ,"25,900 ",0 ,"96,020 ","2,530 ",70 ,"8,230 ","2,750 ","3,580 ",150 ,0 ,0 ,10 ,80 ,720 ,0 ,220 ,270 ,0 ,0 ,100 ,50 ,80 ,20 ,"2,030 ",10 ,40 ,0 ,10 ,0 ,10 ,10 ,0 ,40 ,0 ,30 ,10 ,0 ,10 ,50 ,0 ,0 ,0 ,20 ,0 ,10 ,80 ,0 ,0 ,0 ,0 ,0 ,0 ,0 ,0 ,0 ,0 ,20 ,0 ,0 ,0 ,10 ,150 ,10 ,0 ,0 ,10 ,170 ,10 ,0 ,10 ,0 ,0 ,0 ,490 ,0 ,10 ,30 ,0 ,10 ,100 ,40 ,0 ,0 ,50 ,150 ,970 ,10 ,10 ,40 ,"1,640 ",0 ,40 ,70 ,0 ,20 ,0 ,110 ,20 ,"13,260 ",10 ,120 ,70 ,180 ,"1,070 ",0 ,400 
Jan-2020,"1,160,610 ",0 ,0 ,"179,540 ",0 ,"3,890 ",620 ,"1,050 ",0 ,110 ,0 ,10 ,440 ,0 ,0 ,0 ,"4,380 ",0 ,0 ,580 ,0 ,0 ,"1,220 ",30 ,0 ,0 ,0 ,0 ,0 ,0 ,0 ,0 ,0 ,0 ,"103,090 ","15,280 ","2,430 ","2,430 ","24,330 ","23,820 ",20 ,80 ,10 ,"8,560 ","4,970 ","4,010 ",0 ,"2,020 ",0 ,110 ,"2,380 ","5,620 ",0 ,20 ,0 ,0 ,"10,530 ",300 ,"1,760 ",0 ,"5,470 ",90 ,160 ,330 ,600 ,170 ,240 ,890 ,30 ,820 ,370 ,50 ,570 ,20 ,130 ,"1,730 ",670 ,"1,160 ",290 ,420 ,"3,530 ","3,010 ",860 ,750 ,30 ,"1,220 ",20 ,170 ,170 ,20 ,0 ,0 ,30 ,30 ,0 ,"2,410 ",970 ,"1,440 ",460 ,170 ,850 ,230 ,20 ,"2,280 ",390 ,"1,060 ",200 ,50 ,"1,380 ","1,960 ",290 ,"7,410 ","16,140 ",350 ,"18,520 ","30,660 ","20,050 ","17,520 ",340 ,"202,840 ","23,270 ",630 ,750 ,"20,000 ","38,840 ",0 ,"38,050 ","2,970 ",660 ,"62,870 ",150 ,"4,360 ","6,600 ","6,900 ",850 ,30 ,60 ,30 ,210 ,40 ,10 ,0 ,90 ,0 ,"23,080 ",0 ,"76,700 ","2,090 ",40 ,"8,490 ","2,810 ","4,450 ",200 ,0 ,0 ,10 ,50 ,660 ,10 ,150 ,230 ,0 ,10 ,100 ,50 ,50 ,20 ,"1,860 ",10 ,40 ,0 ,0 ,0 ,10 ,30 ,0 ,40 ,0 ,20 ,10 ,0 ,0 ,70 ,0 ,0 ,0 ,10 ,10 ,0 ,80 ,0 ,0 ,0 ,0 ,0 ,0 ,0 ,0 ,0 ,0 ,20 ,0 ,0 ,0 ,10 ,170 ,10 ,0 ,0 ,10 ,190 ,10 ,0 ,20 ,10 ,0 ,0 ,640 ,0 ,10 ,40 ,0 ,0 ,130 ,30 ,0 ,0 ,70 ,170 ,"1,230 ",10 ,30 ,50 ,"1,140 ",0 ,30 ,40 ,0 ,20 ,0 ,50 ,50 ,"7,790 ",0 ,120 ,120 ,160 ,800 ,0 ,650 
Feb-2020,"664,990 ",0 ,0 ,"130,230 ",0 ,"2,670 ",490 ,810 ,0 ,110 ,0 ,10 ,290 ,0 ,10 ,0 ,"3,840 ",0 ,0 ,580 ,0 ,0 ,"1,080 ",60 ,0 ,0 ,0 ,0 ,0 ,0 ,0 ,0 ,0 ,0 ,"98,780 ","8,840 ","2,380 ","2,280 ","21,020 ","25,510 ",10 ,100 ,0 ,"8,240 ","4,370 ","4,060 ",0 ,"1,880 ",0 ,140 ,"2,740 ","4,930 ",0 ,10 ,0 ,0 ,"8,140 ",220 ,"1,510 ",0 ,"4,380 ",60 ,150 ,420 ,500 ,190 ,310 ,880 ,20 ,660 ,360 ,30 ,390 ,20 ,110 ,"1,690 ",570 ,"1,000 ",230 ,430 ,"3,400 ","2,520 ",760 ,690 ,20 ,920 ,0 ,90 ,180 ,30 ,0 ,0 ,30 ,30 ,0 ,"1,980 ",960 ,"1,270 ",310 ,290 ,740 ,580 ,40 ,"3,750 ",290 ,"1,000 ",280 ,40 ,"1,660 ","2,240 ",350 ,"7,650 ","23,330 ",560 ,"22,810 ","36,860 ","17,000 ","19,870 ",390 ,"50,750 ","19,820 ",530 ,530 ,"16,030 ","44,940 ",0 ,"27,440 ","4,620 ","1,030 ","79,100 ",130 ,"8,900 ","8,010 ","7,970 ","1,360 ",30 ,30 ,30 ,180 ,20 ,0 ,0 ,90 ,0 ,"24,550 ",0 ,"79,390 ","2,460 ",50 ,"6,170 ","3,850 ","3,410 ",200 ,0 ,0 ,10 ,50 ,630 ,0 ,330 ,170 ,0 ,0 ,70 ,40 ,40 ,20 ,"1,370 ",20 ,50 ,0 ,10 ,0 ,10 ,30 ,0 ,30 ,0 ,30 ,10 ,0 ,10 ,80 ,0 ,0 ,0 ,10 ,10 ,0 ,80 ,0 ,0 ,0 ,0 ,0 ,0 ,0 ,0 ,0 ,0 ,20 ,0 ,60 ,0 ,10 ,120 ,0 ,0 ,0 ,0 ,200 ,10 ,0 ,30 ,0 ,0 ,0 ,600 ,0 ,10 ,20 ,0 ,0 ,110 ,20 ,0 ,0 ,210 ,320 ,"1,020 ",0 ,20 ,30 ,"1,030 ",0 ,30 ,30 ,0 ,10 ,0 ,40 ,40 ,"5,550 ",10 ,80 ,100 ,160 ,650 ,0 ,550 
Mar-2020,"476,430 ",0 ,0 ,"83,570 ",0 ,"1,540 ",240 ,430 ,0 ,60 ,0 ,0 ,130 ,0 ,0 ,0 ,"1,950 ",0 ,0 ,270 ,0 ,0 ,660 ,20 ,0 ,0 ,0 ,0 ,0 ,0 ,0 ,0 ,0 ,0 ,"50,490 ","5,430 ","1,250 ","1,240 ","10,730 ","13,990 ",10 ,60 ,10 ,"4,400 ","2,520 ","1,620 ",0 ,820 ,0 ,60 ,"1,140 ","1,990 ",0 ,0 ,0 ,0 ,"4,010 ",140 ,730 ,0 ,"2,490 ",40 ,60 ,150 ,210 ,70 ,120 ,410 ,20 ,310 ,140 ,10 ,170 ,10 ,70 ,680 ,270 ,480 ,120 ,260 ,"1,400 ","1,400 ",270 ,390 ,20 ,420 ,10 ,40 ,90 ,10 ,0 ,0 ,20 ,30 ,0 ,570 ,830 ,560 ,160 ,80 ,490 ,200 ,0 ,"1,010 ",180 ,440 ,120 ,20 ,800 ,910 ,150 ,"4,280 ","7,650 ",160 ,"10,030 ","13,990 ","8,650 ","9,940 ",160 ,"38,090 ","5,370 ",80 ,160 ,"3,750 ","14,090 ",0 ,"4,060 ","2,250 ",320 ,"38,980 ",60 ,"5,940 ","4,950 ","3,740 ","1,120 ",10 ,20 ,30 ,90 ,0 ,0 ,0 ,40 ,0 ,"10,670 ",0 ,"34,370 ","1,550 ",20 ,"4,110 ","2,030 ","1,780 ",100 ,0 ,0 ,0 ,20 ,350 ,0 ,350 ,130 ,0 ,0 ,20 ,40 ,30 ,10 ,660 ,10 ,10 ,0 ,0 ,0 ,10 ,10 ,0 ,30 ,10 ,10 ,0 ,0 ,0 ,20 ,0 ,0 ,0 ,0 ,0 ,0 ,30 ,0 ,0 ,0 ,0 ,0 ,0 ,0 ,0 ,0 ,0 ,10 ,0 ,0 ,0 ,0 ,50 ,10 ,0 ,0 ,0 ,90 ,0 ,0 ,10 ,10 ,0 ,0 ,280 ,0 ,0 ,10 ,0 ,0 ,30 ,10 ,0 ,0 ,60 ,120 ,380 ,10 ,10 ,20 ,500 ,0 ,10 ,20 ,0 ,10 ,0 ,10 ,20 ,"4,070 ",0 ,50 ,40 ,50 ,340 ,0 ,710 
Apr-2020,"15,060 ",0 ,0 ,"1,180 ",0 ,40 ,0 ,0 ,0 ,0 ,0 ,0 ,10 ,0 ,0 ,0 ,50 ,0 ,0 ,30 ,0 ,0 ,60 ,0 ,0 ,0 ,0 ,0 ,0 ,0 ,0 ,0 ,0 ,0 ,530 ,60 ,20 ,10 ,90 ,220 ,0 ,0 ,0 ,30 ,20 ,20 ,0 ,10 ,0 ,0 ,20 ,10 ,0 ,0 ,0 ,0 ,40 ,0 ,10 ,0 ,10 ,0 ,0 ,0 ,10 ,0 ,10 ,20 ,0 ,10 ,10 ,0 ,0 ,0 ,0 ,10 ,10 ,10 ,0 ,0 ,20 ,20 ,0 ,10 ,0 ,10 ,0 ,0 ,10 ,0 ,0 ,0 ,0 ,0 ,0 ,70 ,10 ,0 ,10 ,0 ,30 ,0 ,0 ,0 ,10 ,10 ,0 ,0 ,10 ,20 ,0 ,70 ,40 ,0 ,270 ,220 ,360 ,60 ,0 ,320 ,30 ,0 ,0 ,30 ,60 ,0 ,30 ,60 ,0 ,990 ,0 ,60 ,280 ,60 ,140 ,0 ,0 ,0 ,0 ,0 ,0 ,0 ,0 ,0 ,60 ,0 ,200 ,60 ,0 ,50 ,30 ,20 ,0 ,0 ,0 ,0 ,0 ,40 ,0 ,10 ,0 ,0 ,0 ,0 ,0 ,0 ,0 ,10 ,0 ,0 ,0 ,0 ,0 ,0 ,0 ,0 ,0 ,0 ,0 ,0 ,0 ,0 ,0 ,0 ,0 ,0 ,0 ,0 ,0 ,0 ,0 ,0 ,0 ,0 ,0 ,0 ,0 ,0 ,0 ,0 ,0 ,0 ,0 ,0 ,0 ,0 ,0 ,0 ,0 ,0 ,10 ,0 ,0 ,0 ,0 ,0 ,0 ,0 ,0 ,0 ,0 ,0 ,0 ,0 ,0 ,0 ,0 ,0 ,0 ,0 ,0 ,0 ,0 ,0 ,0 ,0 ,0 ,0 ,0 ,0 ,0 ,0 ,170 ,0 ,0 ,0 ,0 ,0 ,0 ,40 
May-2020,"11,110 ",0 ,0 ,"2,320 ",0 ,60 ,0 ,0 ,0 ,0 ,0 ,0 ,0 ,0 ,0 ,0 ,30 ,0 ,0 ,10 ,0 ,0 ,10 ,0 ,0 ,0 ,0 ,0 ,0 ,0 ,0 ,0 ,0 ,0 ,540 ,70 ,0 ,10 ,80 ,60 ,0 ,0 ,0 ,50 ,20 ,30 ,0 ,10 ,0 ,0 ,20 ,20 ,0 ,0 ,0 ,0 ,30 ,0 ,10 ,0 ,30 ,0 ,0 ,10 ,30 ,0 ,0 ,10 ,0 ,20 ,0 ,0 ,0 ,0 ,0 ,0 ,0 ,0 ,0 ,0 ,30 ,30 ,0 ,20 ,0 ,20 ,0 ,0 ,10 ,0 ,0 ,0 ,0 ,0 ,0 ,60 ,20 ,0 ,10 ,0 ,20 ,0 ,0 ,0 ,10 ,10 ,0 ,10 ,40 ,0 ,10 ,100 ,30 ,0 ,100 ,80 ,250 ,110 ,0 ,620 ,40 ,0 ,0 ,40 ,110 ,0 ,80 ,70 ,0 ,"1,310 ",0 ,150 ,310 ,130 ,220 ,0 ,0 ,0 ,0 ,0 ,0 ,0 ,0 ,0 ,70 ,0 ,300 ,10 ,0 ,40 ,10 ,10 ,0 ,0 ,0 ,0 ,0 ,0 ,0 ,0 ,0 ,0 ,0 ,0 ,0 ,0 ,0 ,10 ,0 ,0 ,0 ,0 ,0 ,0 ,0 ,0 ,0 ,0 ,0 ,0 ,0 ,0 ,0 ,0 ,0 ,0 ,0 ,0 ,0 ,0 ,0 ,0 ,0 ,0 ,0 ,0 ,0 ,0 ,0 ,0 ,0 ,0 ,0 ,0 ,0 ,0 ,0 ,0 ,0 ,0 ,0 ,0 ,0 ,0 ,0 ,0 ,0 ,0 ,0 ,0 ,0 ,0 ,0 ,0 ,0 ,0 ,0 ,0 ,10 ,10 ,0 ,0 ,0 ,0 ,0 ,0 ,0 ,0 ,0 ,0 ,0 ,10 ,170 ,0 ,0 ,0 ,0 ,10 ,0 ,50 
Jun-2020,"14,070 ",0 ,0 ,"2,740 ",0 ,60 ,0 ,0 ,0 ,0 ,0 ,0 ,20 ,0 ,0 ,0 ,40 ,0 ,0 ,0 ,0 ,0 ,10 ,0 ,0 ,0 ,0 ,0 ,0 ,0 ,0 ,0 ,0 ,0 ,800 ,90 ,10 ,10 ,110 ,130 ,0 ,0 ,0 ,70 ,10 ,20 ,0 ,10 ,0 ,0 ,20 ,20 ,0 ,0 ,0 ,0 ,90 ,0 ,30 ,0 ,60 ,10 ,0 ,20 ,40 ,0 ,0 ,20 ,0 ,30 ,0 ,0 ,10 ,0 ,0 ,10 ,0 ,10 ,20 ,10 ,60 ,40 ,0 ,100 ,0 ,20 ,0 ,0 ,10 ,0 ,0 ,0 ,0 ,0 ,0 ,90 ,50 ,10 ,20 ,0 ,20 ,0 ,0 ,20 ,10 ,30 ,10 ,0 ,10 ,0 ,0 ,100 ,70 ,0 ,210 ,70 ,290 ,140 ,0 ,"1,190 ",90 ,0 ,10 ,100 ,100 ,0 ,100 ,60 ,10 ,"1,370 ",0 ,250 ,430 ,80 ,250 ,0 ,0 ,0 ,0 ,0 ,0 ,0 ,0 ,0 ,110 ,0 ,460 ,10 ,0 ,130 ,10 ,30 ,0 ,0 ,0 ,0 ,0 ,30 ,0 ,0 ,0 ,0 ,0 ,0 ,0 ,0 ,0 ,20 ,0 ,0 ,0 ,0 ,0 ,0 ,0 ,0 ,0 ,0 ,0 ,0 ,0 ,0 ,0 ,0 ,0 ,0 ,0 ,0 ,0 ,0 ,0 ,0 ,0 ,0 ,0 ,0 ,0 ,0 ,0 ,0 ,0 ,0 ,0 ,0 ,0 ,0 ,0 ,0 ,0 ,0 ,0 ,0 ,0 ,0 ,0 ,0 ,0 ,0 ,0 ,0 ,0 ,0 ,0 ,0 ,0 ,0 ,0 ,0 ,0 ,10 ,0 ,0 ,0 ,20 ,0 ,0 ,0 ,0 ,0 ,0 ,0 ,0 ,330 ,0 ,0 ,0 ,0 ,10 ,0 ,560 
Jul-2020,"10,700 ",0 ,0 ,"1,540 ",0 ,70 ,10 ,0 ,0 ,0 ,0 ,0 ,10 ,0 ,0 ,0 ,10 ,0 ,0 ,0 ,0 ,0 ,10 ,0 ,0 ,0 ,0 ,0 ,0 ,0 ,0 ,0 ,0 ,0 ,630 ,70 ,20 ,10 ,110 ,100 ,0 ,0 ,0 ,70 ,20 ,10 ,0 ,20 ,0 ,0 ,20 ,30 ,0 ,0 ,0 ,0 ,50 ,0 ,20 ,0 ,40 ,0 ,0 ,10 ,20 ,0 ,0 ,40 ,0 ,20 ,0 ,0 ,10 ,0 ,0 ,10 ,10 ,10 ,0 ,10 ,30 ,30 ,10 ,80 ,0 ,50 ,0 ,0 ,10 ,0 ,0 ,0 ,0 ,0 ,0 ,50 ,20 ,0 ,10 ,0 ,40 ,0 ,10 ,0 ,10 ,20 ,10 ,0 ,30 ,20 ,0 ,30 ,70 ,0 ,200 ,290 ,220 ,140 ,0 ,620 ,80 ,0 ,0 ,60 ,120 ,0 ,110 ,30 ,0 ,480 ,0 ,10 ,150 ,40 ,50 ,0 ,0 ,0 ,10 ,0 ,0 ,0 ,0 ,0 ,140 ,0 ,560 ,10 ,0 ,30 ,0 ,10 ,0 ,0 ,0 ,0 ,0 ,0 ,0 ,0 ,0 ,0 ,0 ,0 ,0 ,0 ,0 ,10 ,0 ,0 ,0 ,0 ,0 ,0 ,0 ,0 ,0 ,0 ,0 ,0 ,0 ,0 ,0 ,0 ,0 ,0 ,0 ,0 ,0 ,0 ,0 ,0 ,0 ,0 ,0 ,0 ,0 ,0 ,0 ,0 ,0 ,0 ,0 ,0 ,0 ,0 ,0 ,0 ,0 ,0 ,0 ,0 ,0 ,0 ,0 ,0 ,0 ,0 ,0 ,0 ,0 ,0 ,0 ,0 ,0 ,0 ,0 ,0 ,10 ,0 ,0 ,0 ,0 ,0 ,0 ,0 ,0 ,0 ,0 ,0 ,0 ,0 ,50 ,0 ,0 ,0 ,0 ,10 ,0 ,580 
Aug-2020,"8,790 ",0 ,0 ,"1,130 ",0 ,30 ,0 ,0 ,0 ,0 ,0 ,0 ,10 ,0 ,0 ,0 ,20 ,0 ,0 ,0 ,0 ,0 ,0 ,0 ,0 ,0 ,0 ,0 ,0 ,0 ,0 ,0 ,0 ,0 ,640 ,90 ,10 ,20 ,160 ,100 ,0 ,0 ,0 ,50 ,10 ,20 ,0 ,20 ,0 ,0 ,10 ,30 ,0 ,0 ,0 ,0 ,40 ,0 ,10 ,0 ,30 ,0 ,0 ,10 ,20 ,0 ,10 ,20 ,0 ,20 ,0 ,0 ,10 ,0 ,0 ,20 ,10 ,10 ,10 ,0 ,40 ,30 ,0 ,100 ,0 ,50 ,0 ,0 ,10 ,0 ,0 ,0 ,0 ,0 ,0 ,60 ,10 ,10 ,10 ,0 ,60 ,0 ,0 ,0 ,10 ,30 ,10 ,0 ,30 ,20 ,0 ,40 ,100 ,0 ,80 ,150 ,150 ,130 ,0 ,630 ,100 ,0 ,10 ,40 ,160 ,0 ,120 ,30 ,0 ,620 ,0 ,0 ,100 ,60 ,30 ,0 ,0 ,10 ,0 ,0 ,0 ,0 ,0 ,0 ,80 ,0 ,530 ,10 ,0 ,20 ,10 ,10 ,0 ,0 ,0 ,0 ,0 ,0 ,0 ,0 ,10 ,0 ,0 ,0 ,0 ,0 ,0 ,10 ,0 ,0 ,0 ,0 ,0 ,0 ,0 ,0 ,0 ,0 ,0 ,0 ,0 ,0 ,0 ,0 ,0 ,0 ,0 ,0 ,0 ,0 ,0 ,0 ,0 ,0 ,0 ,0 ,0 ,0 ,0 ,0 ,0 ,0 ,0 ,0 ,0 ,0 ,0 ,0 ,0 ,0 ,0 ,0 ,0 ,0 ,0 ,0 ,0 ,0 ,0 ,0 ,0 ,0 ,0 ,0 ,0 ,0 ,0 ,0 ,10 ,10 ,0 ,0 ,0 ,0 ,0 ,0 ,0 ,0 ,0 ,0 ,0 ,0 ,100 ,0 ,0 ,0 ,10 ,0 ,0 ,200 
Sep-2020,"8,900 ",0 ,0 ,"1,210 ",0 ,60 ,0 ,170 ,0 ,0 ,0 ,0 ,20 ,0 ,0 ,0 ,20 ,0 ,0 ,0 ,0 ,0 ,0 ,0 ,0 ,0 ,0 ,0 ,0 ,0 ,0 ,0 ,0 ,0 ,850 ,160 ,20 ,20 ,150 ,130 ,0 ,0 ,0 ,100 ,20 ,30 ,0 ,10 ,0 ,0 ,20 ,30 ,0 ,0 ,0 ,0 ,60 ,0 ,20 ,0 ,50 ,0 ,0 ,0 ,10 ,0 ,0 ,20 ,0 ,20 ,0 ,0 ,10 ,0 ,0 ,10 ,10 ,10 ,10 ,0 ,10 ,20 ,10 ,60 ,0 ,40 ,10 ,0 ,10 ,0 ,0 ,0 ,0 ,0 ,0 ,80 ,30 ,10 ,10 ,0 ,30 ,0 ,0 ,10 ,30 ,40 ,10 ,0 ,10 ,10 ,0 ,60 ,120 ,0 ,140 ,120 ,240 ,120 ,0 ,780 ,100 ,0 ,10 ,40 ,150 ,0 ,100 ,50 ,0 ,700 ,0 ,10 ,70 ,110 ,50 ,0 ,0 ,0 ,0 ,0 ,0 ,0 ,0 ,0 ,150 ,0 ,600 ,10 ,0 ,30 ,0 ,10 ,0 ,0 ,0 ,0 ,0 ,0 ,0 ,0 ,0 ,0 ,0 ,0 ,0 ,0 ,0 ,10 ,0 ,0 ,0 ,0 ,0 ,0 ,0 ,0 ,0 ,0 ,0 ,0 ,0 ,0 ,0 ,0 ,0 ,0 ,0 ,0 ,0 ,0 ,0 ,0 ,0 ,0 ,0 ,0 ,0 ,0 ,0 ,0 ,0 ,0 ,0 ,0 ,0 ,0 ,0 ,0 ,0 ,0 ,0 ,0 ,0 ,0 ,0 ,0 ,0 ,10 ,0 ,0 ,0 ,0 ,0 ,0 ,0 ,0 ,0 ,0 ,0 ,10 ,0 ,0 ,0 ,0 ,0 ,0 ,0 ,0 ,0 ,0 ,0 ,0 ,80 ,0 ,0 ,0 ,0 ,10 ,0 ,250 
Oct-2020,"12,280",0,0,"2,460",0,60,10,170,0,60,0,0,20,0,0,0,60,0,0,10,0,0,160,0,0,0,0,0,0,0,0,0,0,0,"1,150",160,30,30,280,200,0,0,0,100,30,40,0,20,0,10,30,40,0,0,0,0,130,0,30,0,80,0,0,10,20,10,0,20,0,20,0,0,20,0,0,20,10,10,10,10,50,50,0,70,0,80,0,10,10,0,0,0,0,0,0,110,30,20,10,0,20,10,0,30,10,80,10,10,20,10,0,80,230,0,180,190,340,270,10,990,100,0,0,60,160,0,130,60,0,"1,080",0,130,200,90,90,0,0,10,0,0,0,0,0,0,200,0,700,70,0,60,10,20,0,0,0,0,0,10,0,0,0,0,0,0,0,0,10,10,0,0,0,0,0,0,0,0,0,0,0,0,0,0,0,0,0,0,0,0,0,0,0,0,0,0,0,0,0,0,0,0,0,0,0,0,0,0,0,0,0,0,10,0,0,0,0,0,0,20,0,0,0,0,0,0,0,0,0,10,10,20,0,0,0,0,0,0,0,0,0,0,0,0,290,0,10,0,10,10,0,370
Nov-2020,"15,500 ",0 ,0 ,"3,710 ",0 ,60 ,180 ,10 ,0 ,0 ,0 ,0 ,10 ,0 ,0 ,0 ,230 ,0 ,0 ,0 ,0 ,0 ,140 ,0 ,0 ,0 ,0 ,0 ,0 ,0 ,0 ,0 ,0 ,0 ,"1,270 ",120 ,20 ,30 ,240 ,220 ,0 ,0 ,0 ,100 ,20 ,40 ,0 ,10 ,0 ,0 ,30 ,50 ,0 ,0 ,0 ,0 ,120 ,0 ,30 ,0 ,50 ,0 ,0 ,10 ,20 ,0 ,10 ,30 ,0 ,30 ,0 ,0 ,10 ,0 ,10 ,20 ,10 ,10 ,0 ,10 ,40 ,60 ,0 ,60 ,0 ,60 ,0 ,0 ,0 ,0 ,0 ,0 ,0 ,0 ,0 ,70 ,20 ,30 ,30 ,0 ,40 ,10 ,0 ,20 ,20 ,60 ,0 ,10 ,40 ,20 ,10 ,120 ,240 ,0 ,270 ,210 ,490 ,130 ,0 ,"1,190 ",130 ,0 ,0 ,40 ,300 ,0 ,130 ,70 ,0 ,"1,140 ",0 ,90 ,180 ,80 ,160 ,0 ,0 ,0 ,0 ,0 ,0 ,0 ,0 ,0 ,240 ,0 ,780 ,20 ,0 ,60 ,20 ,20 ,0 ,0 ,0 ,0 ,0 ,10 ,0 ,10 ,10 ,0 ,0 ,0 ,0 ,0 ,0 ,10 ,0 ,0 ,0 ,0 ,0 ,0 ,0 ,0 ,0 ,0 ,0 ,0 ,0 ,0 ,10 ,0 ,0 ,0 ,0 ,0 ,0 ,0 ,0 ,0 ,0 ,0 ,0 ,0 ,0 ,0 ,0 ,0 ,0 ,0 ,0 ,0 ,0 ,0 ,0 ,0 ,0 ,0 ,10 ,0 ,0 ,0 ,0 ,0 ,0 ,20 ,0 ,0 ,0 ,0 ,0 ,0 ,0 ,0 ,0 ,0 ,10 ,20 ,0 ,0 ,0 ,10 ,0 ,0 ,0 ,0 ,0 ,0 ,0 ,0 ,380 ,0 ,0 ,10 ,0 ,40 ,0 ,120 
